ID Group,Group,ID Industry,Industry,ID Year,Year,ID State,State,Workforce by Industry and Gender,Workforce by Industry and Gender Moe,ACS Industry yg RCA,Geography,ID Geography,Slug Geography,Median Earnings,Median Earnings Moe,Workforce Prev,Workforce Growth,Median Earnings Prev,Median Earnings Growth,Share
0,"Agriculture, Forestry, Fishing & Hunting, & Mining",0,"Agriculture, Forestry, Fishing & Hunting",2021,"2021","04000US26","Michigan",860,213.56029593536343,0.7032902192086745,"Grand Rapids, MI","16000US2634000","grand-rapids-mi",47465,7172,1241,-30.701047542304593,41719,13.773100985162637,0.845125786163522
0,"Agriculture, Forestry, Fishing & Hunting, & Mining",1,"Mining, Quarrying, & Oil & Gas Extraction",2021,"2021","04000US26","Michigan",20,40.45985664828782,0.04291644313526904,"Grand Rapids, MI","16000US2634000","grand-rapids-mi",,,0,Infinity,,NaN,0.019654088050314468
1,"Construction (Group)",2,"Construction",2021,"2021","04000US26","Michigan",4938,734.6026136626523,0.713188051118646,"Grand Rapids, MI","16000US2634000","grand-rapids-mi",67962,12310,4752,3.9141414141414144,61890,9.81095492001939,4.852594339622642
2,"Manufacturing (Group)",3,"Manufacturing",2021,"2021","04000US26","Michigan",16606,997.2106096507399,1.628270129460164,"Grand Rapids, MI","16000US2634000","grand-rapids-mi",77430,4082,16508,0.5936515628786043,71455,8.361906094744946,16.3187893081761
3,"Wholesale Trade (Group)",4,"Wholesale Trade",2021,"2021","04000US26","Michigan",3549,496.9597569220268,1.4025115907464012,"Grand Rapids, MI","16000US2634000","grand-rapids-mi",80879,12099,3449,2.8993911278631486,78369,3.2027970243336013,3.4876179245283017
4,"Retail Trade (Group)",5,"Retail Trade",2021,"2021","04000US26","Michigan",10570,847.2602905837143,0.9482821731069209,"Grand Rapids, MI","16000US2634000","grand-rapids-mi",50921,4713,10131,4.333234626394235,48716,4.526233680926184,10.387185534591195
5,"Transportation & Warehousing, & Utilities",6,"Transportation & Warehousing",2021,"2021","04000US26","Michigan",3581,440.9228957538948,0.7295338710372954,"Grand Rapids, MI","16000US2634000","grand-rapids-mi",76500,13349,3105,15.33011272141707,70995,7.754067187830128,3.5190644654088046
5,"Transportation & Warehousing, & Utilities",7,"Utilities",2021,"2021","04000US26","Michigan",377,137.05838172107534,0.4461036795255888,"Grand Rapids, MI","16000US2634000","grand-rapids-mi",128588,24445,262,43.89312977099237,122188,5.2378302288277085,0.37047955974842767
6,"Information (Group)",8,"Information",2021,"2021","04000US26","Michigan",1725,273.67316273248275,0.8808444488701793,"Grand Rapids, MI","16000US2634000","grand-rapids-mi",83633,21066,1911,-9.733124018838305,80904,3.3731335904281616,1.6951650943396228
7,"Finance & Insurance, & Real Estate & Rental & Leasing",9,"Finance & Insurance",2021,"2021","04000US26","Michigan",4459,547.3298822465297,0.9251451076173284,"Grand Rapids, MI","16000US2634000","grand-rapids-mi",102595,11788,4314,3.3611497450162267,95947,6.9288252889616135,4.38187893081761
7,"Finance & Insurance, & Real Estate & Rental & Leasing",10,"Real Estate & Rental & Leasing",2021,"2021","04000US26","Michigan",1390,268.1510768205118,0.7117495526085694,"Grand Rapids, MI","16000US2634000","grand-rapids-mi",87999,31098,1459,-4.729266620973269,79902,10.133663738079148,1.3659591194968554
8,"Professional, Scientific, & Management, & Administrative & Waste Management Services",11,"Professional, Scientific, & Technical Services",2021,"2021","04000US26","Michigan",6793,536.6060007118817,0.8736134474751115,"Grand Rapids, MI","16000US2634000","grand-rapids-mi",105992,8042,6410,5.975039001560063,100914,5.0320074518897275,6.675511006289309
8,"Professional, Scientific, & Management, & Administrative & Waste Management Services",12,"Management of Companies & Enterprises",2021,"2021","04000US26","Michigan",245,98.00510190801292,1.6931537696600025,"Grand Rapids, MI","16000US2634000","grand-rapids-mi",109925,123947,272,-9.926470588235293,103416,6.293997060416183,0.2407625786163522
8,"Professional, Scientific, & Management, & Administrative & Waste Management Services",13,"Administrative & Support & Waste Management Services",2021,"2021","04000US26","Michigan",3803,489.1829923454003,0.897595720570292,"Grand Rapids, MI","16000US2634000","grand-rapids-mi",49087,10715,3967,-4.134106377615327,43243,13.514326018083853,3.737224842767296
9,"Educational Services, & Health Care & Social Assistance",14,"Educational Services",2021,"2021","04000US26","Michigan",9477,635.7523102592708,0.9979494180132168,"Grand Rapids, MI","16000US2634000","grand-rapids-mi",75781,8309,9820,-3.4928716904276986,66519,13.923841308498325,9.31308962264151
9,"Educational Services, & Health Care & Social Assistance",15,"Health Care & Social Assistance",2021,"2021","04000US26","Michigan",16183,879.9056767631405,1.135787577413182,"Grand Rapids, MI","16000US2634000","grand-rapids-mi",71281,6655,16296,-0.6934216985763377,65799,8.331433608413501,15.90310534591195
10,"Arts, Entertainment, & Recreation, & Accommodation & Food Services",16,"Arts, Entertainment, & Recreation",2021,"2021","04000US26","Michigan",1921,297.6440827565701,0.9009666987373471,"Grand Rapids, MI","16000US2634000","grand-rapids-mi",48063,22743,2180,-11.880733944954128,47183,1.865078524044677,1.8877751572327046
10,"Arts, Entertainment, & Recreation, & Accommodation & Food Services",17,"Accommodation & Food Services",2021,"2021","04000US26","Michigan",9018,813.3904351539917,1.263646059462377,"Grand Rapids, MI","16000US2634000","grand-rapids-mi",35330,6756,9636,-6.413449564134496,33224,6.338791235251626,8.862028301886793
11,"Other Services, Except Public Administration (Group)",18,"Other Services, Except Public Administration",2021,"2021","04000US26","Michigan",4556,450.8314540934339,0.9421408744911722,"Grand Rapids, MI","16000US2634000","grand-rapids-mi",,,4601,-0.9780482503803521,,NaN,4.477201257861635
12,"Public Administration (Group)",19,"Public Administration",2021,"2021","04000US26","Michigan",1689,314.23876272668844,0.3533064981163209,"Grand Rapids, MI","16000US2634000","grand-rapids-mi",112314,21488,1439,17.373175816539263,110841,1.328930630362411,1.6597877358490567
0,"Agriculture, Forestry, Fishing & Hunting, & Mining",0,"Agriculture, Forestry, Fishing & Hunting",2020,"2020","04000US26","Michigan",1241,290.6303494131334,0.9941708208387479,"Grand Rapids, MI","16000US2634000","grand-rapids-mi",41719,8692,1673,-25.82187686790197,33490,24.571513884741712,1.2196200603422014
0,"Agriculture, Forestry, Fishing & Hunting, & Mining",1,"Mining, Quarrying, & Oil & Gas Extraction",2020,"2020","04000US26","Michigan",0,36.76955262170047,0,"Grand Rapids, MI","16000US2634000","grand-rapids-mi",,,20,-100,,NaN,0
1,"Construction (Group)",2,"Construction",2020,"2020","04000US26","Michigan",4752,706.4085220324001,0.6989328961634718,"Grand Rapids, MI","16000US2634000","grand-rapids-mi",61890,9244,4312,10.204081632653061,57869,6.948452539356131,4.670132575943707
2,"Manufacturing (Group)",3,"Manufacturing",2020,"2020","04000US26","Michigan",16508,1007.7400458451575,1.619392871007247,"Grand Rapids, MI","16000US2634000","grand-rapids-mi",71455,4655,16945,-2.5789318383003836,68139,4.866522843012079,16.223600286969425
3,"Wholesale Trade (Group)",4,"Wholesale Trade",2020,"2020","04000US26","Michigan",3449,482.827091203466,1.330383862171689,"Grand Rapids, MI","16000US2634000","grand-rapids-mi",78369,13893,3280,5.152439024390244,75098,4.355641961170737,3.3895806511847315
4,"Retail Trade (Group)",5,"Retail Trade",2020,"2020","04000US26","Michigan",10131,816.7159849054016,0.9026434432863565,"Grand Rapids, MI","16000US2634000","grand-rapids-mi",48716,4147,11000,-7.9,44141,10.364513717405586,9.956463200102208
5,"Transportation & Warehousing, & Utilities",6,"Transportation & Warehousing",2020,"2020","04000US26","Michigan",3105,466.49866023387466,0.6524821139376189,"Grand Rapids, MI","16000US2634000","grand-rapids-mi",70995,13452,3283,-5.421870240633567,68916,3.0167160020895003,3.0515070808723084
5,"Transportation & Warehousing, & Utilities",7,"Utilities",2020,"2020","04000US26","Michigan",262,113.65298060323802,0.3120529032837932,"Grand Rapids, MI","16000US2634000","grand-rapids-mi",122188,31295,286,-8.391608391608392,119797,1.9958763575047789,0.25748626576120603
6,"Information (Group)",8,"Information",2020,"2020","04000US26","Michigan",1911,344.97101327502867,0.9546660917253241,"Grand Rapids, MI","16000US2634000","grand-rapids-mi",80904,18365,1913,-0.10454783063251437,75044,7.808752198710089,1.8780773048460486
7,"Finance & Insurance, & Real Estate & Rental & Leasing",9,"Finance & Insurance",2020,"2020","04000US26","Michigan",4314,550.1136246267675,0.9068920247569696,"Grand Rapids, MI","16000US2634000","grand-rapids-mi",95947,8183,3839,12.373013805678562,88043,8.977431482343855,4.239678436999401
7,"Finance & Insurance, & Real Estate & Rental & Leasing",10,"Real Estate & Rental & Leasing",2020,"2020","04000US26","Michigan",1459,276.0036231646244,0.7373458036498773,"Grand Rapids, MI","16000US2634000","grand-rapids-mi",79902,24054,1482,-1.5519568151147098,74504,7.245248577257597,1.4338643578076322
8,"Professional, Scientific, & Management, & Administrative & Waste Management Services",11,"Professional, Scientific, & Technical Services",2020,"2020","04000US26","Michigan",6410,530.495051814812,0.8482684273714819,"Grand Rapids, MI","16000US2634000","grand-rapids-mi",100914,10222,6351,0.9289875610140136,96428,4.6521757165968385,6.299568563089049
8,"Professional, Scientific, & Management, & Administrative & Waste Management Services",12,"Management of Companies & Enterprises",2020,"2020","04000US26","Michigan",272,117.68602295939817,1.9232258873020318,"Grand Rapids, MI","16000US2634000","grand-rapids-mi",103416,28212,301,-9.634551495016613,98460,5.033516148689824,0.2673139858284277
8,"Professional, Scientific, & Management, & Administrative & Waste Management Services",13,"Administrative & Support & Waste Management Services",2020,"2020","04000US26","Michigan",3967,433.0184753564217,0.9323061292341434,"Grand Rapids, MI","16000US2634000","grand-rapids-mi",43243,9578,4231,-6.239659654927912,40593,6.528219151085163,3.898656550666811
9,"Educational Services, & Health Care & Social Assistance",14,"Educational Services",2020,"2020","04000US26","Michigan",9820,640.0781202322105,1.0363597137557605,"Grand Rapids, MI","16000US2634000","grand-rapids-mi",66519,13223,9638,1.8883585806183858,63529,4.7065119866517655,9.650821106011616
9,"Educational Services, & Health Care & Social Assistance",15,"Health Care & Social Assistance",2020,"2020","04000US26","Michigan",16296,903.0199333348074,1.1453173152993918,"Grand Rapids, MI","16000US2634000","grand-rapids-mi",65799,4249,16284,0.07369196757553427,67647,-2.7318284624595326,16.015252621544327
10,"Arts, Entertainment, & Recreation, & Accommodation & Food Services",16,"Arts, Entertainment, & Recreation",2020,"2020","04000US26","Michigan",2180,328.24685832464564,0.9937171020060889,"Grand Rapids, MI","16000US2634000","grand-rapids-mi",47183,18287,2085,4.556354916067146,42709,10.47554379638952,2.14244297465431
10,"Arts, Entertainment, & Recreation, & Accommodation & Food Services",17,"Accommodation & Food Services",2020,"2020","04000US26","Michigan",9636,935.7163031603116,1.3074771732870687,"Grand Rapids, MI","16000US2634000","grand-rapids-mi",33224,5624,9405,2.456140350877193,30447,9.120767234867145,9.469991056774738
11,"Other Services, Except Public Administration (Group)",18,"Other Services, Except Public Administration",2020,"2020","04000US26","Michigan",4601,488.6153906704127,0.9377737289597684,"Grand Rapids, MI","16000US2634000","grand-rapids-mi",,,4425,3.977401129943503,,NaN,4.52173400292866
12,"Public Administration (Group)",19,"Public Administration",2020,"2020","04000US26","Michigan",1439,282.68179990936807,0.3031960600707497,"Grand Rapids, MI","16000US2634000","grand-rapids-mi",110841,10093,1464,-1.707650273224044,106998,3.5916559188022203,1.414208917673189
0,"Agriculture, Forestry, Fishing & Hunting, & Mining",0,"Agriculture, Forestry, Fishing & Hunting",2019,"2019","04000US26","Michigan",1673,343.94330928221297,1.2998025396158297,"Grand Rapids, MI","16000US2634000","grand-rapids-mi",33490,10886,1476,13.346883468834688,33008,1.4602520601066407,1.6367140495220949
0,"Agriculture, Forestry, Fishing & Hunting, & Mining",1,"Mining, Quarrying, & Oil & Gas Extraction",2019,"2019","04000US26","Michigan",20,32.55764119219941,0.038161403328393365,"Grand Rapids, MI","16000US2634000","grand-rapids-mi",,,46,-56.52173913043478,107188,NaN,0.019566216969779976
1,"Construction (Group)",2,"Construction",2019,"2019","04000US26","Michigan",4312,511.4000391083286,0.6399133702963783,"Grand Rapids, MI","16000US2634000","grand-rapids-mi",57869,18272,3954,9.054122407688418,54839,5.525264866244826,4.218476378684563
2,"Manufacturing (Group)",3,"Manufacturing",2019,"2019","04000US26","Michigan",16945,859.5359212970683,1.6400340998224325,"Grand Rapids, MI","16000US2634000","grand-rapids-mi",68139,2464,16302,3.9443013127223656,65079,4.701977596459687,16.577477327646086
3,"Wholesale Trade (Group)",4,"Wholesale Trade",2019,"2019","04000US26","Michigan",3280,374.7065518509117,1.237043855862717,"Grand Rapids, MI","16000US2634000","grand-rapids-mi",75098,10342,3191,2.7890943277969287,74177,1.2416247623926555,3.2088595830439166
4,"Retail Trade (Group)",5,"Retail Trade",2019,"2019","04000US26","Michigan",11000,746.456294768823,0.9650320349526927,"Grand Rapids, MI","16000US2634000","grand-rapids-mi",44141,5787,10916,0.7695126419934042,41096,7.409480241386023,10.761419333378988
5,"Transportation & Warehousing, & Utilities",6,"Transportation & Warehousing",2019,"2019","04000US26","Michigan",3283,446.3462781294362,0.7065706132123715,"Grand Rapids, MI","16000US2634000","grand-rapids-mi",68916,9509,3152,4.156091370558376,64471,6.894572753641172,3.2117945155893834
5,"Transportation & Warehousing, & Utilities",7,"Utilities",2019,"2019","04000US26","Michigan",286,120.702112657567,0.3419228759456609,"Grand Rapids, MI","16000US2634000","grand-rapids-mi",119797,45345,248,15.32258064516129,119844,-0.03921764961116118,0.2797969026678537
6,"Information (Group)",8,"Information",2019,"2019","04000US26","Michigan",1913,270.83574357901875,0.9305325346157634,"Grand Rapids, MI","16000US2634000","grand-rapids-mi",75044,16271,1884,1.5392781316348196,76819,-2.310626277353259,1.871508653159455
7,"Finance & Insurance, & Real Estate & Rental & Leasing",9,"Finance & Insurance",2019,"2019","04000US26","Michigan",3839,394.9303736103365,0.8141100825360674,"Grand Rapids, MI","16000US2634000","grand-rapids-mi",88043,9692,3610,6.3434903047091415,86292,2.0291568163908593,3.755735347349267
7,"Finance & Insurance, & Real Estate & Rental & Leasing",10,"Real Estate & Rental & Leasing",2019,"2019","04000US26","Michigan",1482,230.99134182908242,0.7463721853406996,"Grand Rapids, MI","16000US2634000","grand-rapids-mi",74504,15826,1518,-2.371541501976284,70372,5.87165349855056,1.4498566774606962
8,"Professional, Scientific, & Management, & Administrative & Waste Management Services",11,"Professional, Scientific, & Technical Services",2019,"2019","04000US26","Michigan",6351,491.99288612743175,0.8634112028921047,"Grand Rapids, MI","16000US2634000","grand-rapids-mi",96428,9813,6072,4.594861660079051,93455,3.1812102081215556,6.213252198753632
8,"Professional, Scientific, & Management, & Administrative & Waste Management Services",12,"Management of Companies & Enterprises",2019,"2019","04000US26","Michigan",301,133.5440002396214,2.3085610728598103,"Grand Rapids, MI","16000US2634000","grand-rapids-mi",98460,34976,246,22.35772357723577,98537,-0.07814323553589007,0.29447156539518865
8,"Professional, Scientific, & Management, & Administrative & Waste Management Services",13,"Administrative & Support & Waste Management Services",2019,"2019","04000US26","Michigan",4231,407.0343965809278,0.9733977572973201,"Grand Rapids, MI","16000US2634000","grand-rapids-mi",40593,7475,4311,-1.855717930874507,34355,18.157473439091834,4.139233199956954
9,"Educational Services, & Health Care & Social Assistance",14,"Educational Services",2019,"2019","04000US26","Michigan",9638,610.6594795792497,1.0174670158854395,"Grand Rapids, MI","16000US2634000","grand-rapids-mi",63529,4169,9541,1.0166649198197253,63714,-0.29036004645760743,9.428959957736971
9,"Educational Services, & Health Care & Social Assistance",15,"Health Care & Social Assistance",2019,"2019","04000US26","Michigan",16284,779.7749675387124,1.1477803041787435,"Grand Rapids, MI","16000US2634000","grand-rapids-mi",67647,3948,16298,-0.08590011044299914,65815,2.7835599787282534,15.93081385679486
10,"Arts, Entertainment, & Recreation, & Accommodation & Food Services",16,"Arts, Entertainment, & Recreation",2019,"2019","04000US26","Michigan",2085,313.9840760293426,0.9269291747907992,"Grand Rapids, MI","16000US2634000","grand-rapids-mi",42709,18271,2013,3.5767511177347244,36964,15.542149118060816,2.0397781190995627
10,"Arts, Entertainment, & Recreation, & Accommodation & Food Services",17,"Accommodation & Food Services",2019,"2019","04000US26","Michigan",9405,705.0992837891697,1.2329900115836845,"Grand Rapids, MI","16000US2634000","grand-rapids-mi",30447,3875,9347,0.6205199529260725,30053,1.3110172029414702,9.201013530039035
11,"Other Services, Except Public Administration (Group)",18,"Other Services, Except Public Administration",2019,"2019","04000US26","Michigan",4425,413.9432328230527,0.8910483031032149,"Grand Rapids, MI","16000US2634000","grand-rapids-mi",,,4121,7.3768502790584805,,NaN,4.32902550456382
12,"Public Administration (Group)",19,"Public Administration",2019,"2019","04000US26","Michigan",1464,240.7093683262037,0.31086028750441624,"Grand Rapids, MI","16000US2634000","grand-rapids-mi",106998,11278,1547,-5.365223012281835,105804,1.1285017579675627,1.4322470821878943
0,"Agriculture, Forestry, Fishing & Hunting, & Mining",0,"Agriculture, Forestry, Fishing & Hunting",2018,"2018","04000US26","Michigan",1476,319.507433403356,1.1513935575017225,"Grand Rapids, MI","16000US2634000","grand-rapids-mi",33008,7809,1491,-1.0060362173038229,31758,3.9360161219220355,1.4790616576312967
0,"Agriculture, Forestry, Fishing & Hunting, & Mining",1,"Mining, Quarrying, & Oil & Gas Extraction",2018,"2018","04000US26","Michigan",46,38.01315561749643,0.08468468775893415,"Grand Rapids, MI","16000US2634000","grand-rapids-mi",107188,54140,52,-11.538461538461538,104375,2.6950898203592812,0.04609541751425451
1,"Construction (Group)",2,"Construction",2018,"2018","04000US26","Michigan",3954,425.96009202741044,0.6128516008137702,"Grand Rapids, MI","16000US2634000","grand-rapids-mi",54839,11928,3733,5.9201714438789175,53219,3.044025629944193,3.962201757638311
2,"Manufacturing (Group)",3,"Manufacturing",2018,"2018","04000US26","Michigan",16302,882.8771148919876,1.6044938068311607,"Grand Rapids, MI","16000US2634000","grand-rapids-mi",65079,3788,15122,7.803200634836662,62408,4.279900012818869,16.33581513733428
3,"Wholesale Trade (Group)",4,"Wholesale Trade",2018,"2018","04000US26","Michigan",3191,364.44615514503647,1.2131619703481458,"Grand Rapids, MI","16000US2634000","grand-rapids-mi",74177,10269,3337,-4.375187293976626,65343,13.519428247861287,3.197619071477959
4,"Retail Trade (Group)",5,"Retail Trade",2018,"2018","04000US26","Michigan",10916,771.5024303266971,0.9691057303487476,"Grand Rapids, MI","16000US2634000","grand-rapids-mi",41096,4814,10234,6.6640609732265,37635,9.19622691643417,10.938642990991353
5,"Transportation & Warehousing, & Utilities",6,"Transportation & Warehousing",2018,"2018","04000US26","Michigan",3152,415.1770706578098,0.7172588447514389,"Grand Rapids, MI","16000US2634000","grand-rapids-mi",64471,12461,2882,9.368494101318529,56586,13.934542112890114,3.1585381740202223
5,"Transportation & Warehousing, & Utilities",7,"Utilities",2018,"2018","04000US26","Michigan",248,95.63472172804185,0.30172862454778543,"Grand Rapids, MI","16000US2634000","grand-rapids-mi",119844,44427,328,-24.390243902439025,126443,-5.218952413340398,0.2485144248594591
6,"Information (Group)",8,"Information",2018,"2018","04000US26","Michigan",1884,273.4904020253727,0.9112916883444065,"Grand Rapids, MI","16000US2634000","grand-rapids-mi",76819,11914,1906,-1.154249737670514,76013,1.0603449409969348,1.8879079694968586
7,"Finance & Insurance, & Real Estate & Rental & Leasing",9,"Finance & Insurance",2018,"2018","04000US26","Michigan",3610,416.51530584121394,0.7838453847988145,"Grand Rapids, MI","16000US2634000","grand-rapids-mi",86292,9958,3405,6.020558002936858,82764,4.2627229230100045,3.6174882005751905
7,"Finance & Insurance, & Real Estate & Rental & Leasing",10,"Real Estate & Rental & Leasing",2018,"2018","04000US26","Michigan",1518,301.01494979485653,0.7832717170174616,"Grand Rapids, MI","16000US2634000","grand-rapids-mi",70372,16651,1601,-5.184259837601499,58548,20.195395231263234,1.5211487779703987
8,"Professional, Scientific, & Management, & Administrative & Waste Management Services",11,"Professional, Scientific, & Technical Services",2018,"2018","04000US26","Michigan",6072,497.6032556163595,0.8633037981560533,"Grand Rapids, MI","16000US2634000","grand-rapids-mi",93455,7580,5986,1.4366855997327097,91120,2.5625548726953467,6.084595111881595
8,"Professional, Scientific, & Management, & Administrative & Waste Management Services",12,"Management of Companies & Enterprises",2018,"2018","04000US26","Michigan",246,110.30865786510142,2.197358113029707,"Grand Rapids, MI","16000US2634000","grand-rapids-mi",98537,33591,113,117.69911504424779,50655,94.52571315763498,0.2465102762718828
8,"Professional, Scientific, & Management, & Administrative & Waste Management Services",13,"Administrative & Support & Waste Management Services",2018,"2018","04000US26","Michigan",4311,478.3053418058385,1.0122214479125355,"Grand Rapids, MI","16000US2634000","grand-rapids-mi",34355,5483,4378,-1.5303791685701233,30706,11.883670943789488,4.319942280520678
9,"Educational Services, & Health Care & Social Assistance",14,"Educational Services",2018,"2018","04000US26","Michigan",9541,562.2277118748239,1.034773586662732,"Grand Rapids, MI","16000US2634000","grand-rapids-mi",63714,8475,9189,3.8306671019697465,62765,1.5119891659364295,9.560790837032657
9,"Educational Services, & Health Care & Social Assistance",15,"Health Care & Social Assistance",2018,"2018","04000US26","Michigan",16298,852.9038632812023,1.1777124531550833,"Grand Rapids, MI","16000US2634000","grand-rapids-mi",65815,5232,15878,2.645169416803124,60730,8.373126955376256,16.33180684015913
10,"Arts, Entertainment, & Recreation, & Accommodation & Food Services",16,"Arts, Entertainment, & Recreation",2018,"2018","04000US26","Michigan",2013,326.62057497959313,0.9195728522949206,"Grand Rapids, MI","16000US2634000","grand-rapids-mi",36964,13526,1891,6.451612903225806,32593,13.41085509158408,2.0171755533955285
10,"Arts, Entertainment, & Recreation, & Accommodation & Food Services",17,"Accommodation & Food Services",2018,"2018","04000US26","Michigan",9347,701.8390128797344,1.2494044599452998,"Grand Rapids, MI","16000US2634000","grand-rapids-mi",30053,3508,9279,0.7328375902575709,27072,11.01137706855792,9.366388424037758
11,"Other Services, Except Public Administration (Group)",18,"Other Services, Except Public Administration",2018,"2018","04000US26","Michigan",4121,390.75567814172575,0.8453539168521672,"Grand Rapids, MI","16000US2634000","grand-rapids-mi",,,4284,-3.8048552754435105,,NaN,4.129548164700931
12,"Public Administration (Group)",19,"Public Administration",2018,"2018","04000US26","Michigan",1547,256.8443108188305,0.3344376310653874,"Grand Rapids, MI","16000US2634000","grand-rapids-mi",105804,8457,1769,-12.549462973431316,96115,10.080632575560527,1.5502089324902548
0,"Agriculture, Forestry, Fishing & Hunting, & Mining",0,"Agriculture, Forestry, Fishing & Hunting",2017,"2017","04000US26","Michigan",1491,338.178946713127,1.1837403054394229,"Grand Rapids, MI","16000US2634000","grand-rapids-mi",31758,4875,1471,1.3596193065941535,27988,13.470058596541376,1.539366908257449
0,"Agriculture, Forestry, Fishing & Hunting, & Mining",1,"Mining, Quarrying, & Oil & Gas Extraction",2017,"2017","04000US26","Michigan",52,42.43819034784589,0.09406955227246179,"Grand Rapids, MI","16000US2634000","grand-rapids-mi",104375,63370,70,-25.71428571428571,102361,1.9675462334287475,0.05368684052943484
1,"Construction (Group)",2,"Construction",2017,"2017","04000US26","Michigan",3733,440.09317195339446,0.6068493952948822,"Grand Rapids, MI","16000US2634000","grand-rapids-mi",53219,12939,3529,5.780674412014735,51536,3.265678360757529,3.8540956864688516
2,"Manufacturing (Group)",3,"Manufacturing",2017,"2017","04000US26","Michigan",15122,819.0195357865404,1.5191428098714326,"Grand Rapids, MI","16000US2634000","grand-rapids-mi",62408,3583,15105,0.11254551473022177,60468,3.208308526824105,15.612546201656032
3,"Wholesale Trade (Group)",4,"Wholesale Trade",2017,"2017","04000US26","Michigan",3337,391.6490776192381,1.2833757210478371,"Grand Rapids, MI","16000US2634000","grand-rapids-mi",65343,10111,2988,11.680053547523427,62805,4.041079531884404,3.445249747052386
4,"Retail Trade (Group)",5,"Retail Trade",2017,"2017","04000US26","Michigan",10234,667.3147683065316,0.9269110771261967,"Grand Rapids, MI","16000US2634000","grand-rapids-mi",37635,3247,9975,2.5964912280701755,34695,8.473843493298746,10.565983191889156
5,"Transportation & Warehousing, & Utilities",6,"Transportation & Warehousing",2017,"2017","04000US26","Michigan",2882,411.1070420219046,0.6975257303593715,"Grand Rapids, MI","16000US2634000","grand-rapids-mi",56586,10595,2543,13.330711757766418,55428,2.089196795843256,2.975489892419831
5,"Transportation & Warehousing, & Utilities",7,"Utilities",2017,"2017","04000US26","Michigan",328,151.92103211866356,0.40560536247921425,"Grand Rapids, MI","16000US2634000","grand-rapids-mi",126443,27469,346,-5.202312138728324,130616,-3.1948612727384083,0.3386400710318198
6,"Information (Group)",8,"Information",2017,"2017","04000US26","Michigan",1906,289.54619665953135,0.9338966796910831,"Grand Rapids, MI","16000US2634000","grand-rapids-mi",76013,13145,1747,9.101316542644533,72759,4.472298959578884,1.9678291932519771
7,"Finance & Insurance, & Real Estate & Rental & Leasing",9,"Finance & Insurance",2017,"2017","04000US26","Michigan",3405,361.7319449537185,0.7561932831904358,"Grand Rapids, MI","16000US2634000","grand-rapids-mi",82764,8546,3623,-6.0171128898702735,83112,-0.418712099335836,3.5154556154370318
7,"Finance & Insurance, & Real Estate & Rental & Leasing",10,"Real Estate & Rental & Leasing",2017,"2017","04000US26","Michigan",1601,273.97992627198073,0.8562739871593573,"Grand Rapids, MI","16000US2634000","grand-rapids-mi",58548,18663,1434,11.645746164574616,59127,-0.979248059262266,1.6529352247620226
8,"Professional, Scientific, & Management, & Administrative & Waste Management Services",11,"Professional, Scientific, & Technical Services",2017,"2017","04000US26","Michigan",5986,507.00098619233466,0.8934942179884626,"Grand Rapids, MI","16000US2634000","grand-rapids-mi",91120,8014,5561,7.64251033986693,87024,4.7067475638904215,6.180181296330711
8,"Professional, Scientific, & Management, & Administrative & Waste Management Services",12,"Management of Companies & Enterprises",2017,"2017","04000US26","Michigan",113,69.57010852370435,1.214059459977317,"Grand Rapids, MI","16000US2634000","grand-rapids-mi",50655,14719,126,-10.317460317460316,100649,-49.67163111406968,0.11666563422742572
8,"Professional, Scientific, & Management, & Administrative & Waste Management Services",13,"Administrative & Support & Waste Management Services",2017,"2017","04000US26","Michigan",4378,464.096972625334,1.0570551837091797,"Grand Rapids, MI","16000US2634000","grand-rapids-mi",30706,5416,3889,12.573926459244023,30324,1.2597282680385173,4.520018996882034
9,"Educational Services, & Health Care & Social Assistance",14,"Educational Services",2017,"2017","04000US26","Michigan",9189,614.593361500106,1.0255709250185778,"Grand Rapids, MI","16000US2634000","grand-rapids-mi",62765,4671,8679,5.876253024541998,61299,2.3915561428408294,9.487084185095707
9,"Educational Services, & Health Care & Social Assistance",15,"Health Care & Social Assistance",2017,"2017","04000US26","Michigan",15878,874.7662544931646,1.1840620212078592,"Grand Rapids, MI","16000US2634000","grand-rapids-mi",60730,3149,14885,6.671145448438025,59317,2.3821164253080904,16.39307026781474
10,"Arts, Entertainment, & Recreation, & Accommodation & Food Services",16,"Arts, Entertainment, & Recreation",2017,"2017","04000US26","Michigan",1891,294.8694626440656,0.8955418507822948,"Grand Rapids, MI","16000US2634000","grand-rapids-mi",32593,11401,2206,-14.279238440616501,28975,12.486626402070751,1.952342604637717
10,"Arts, Entertainment, & Recreation, & Accommodation & Food Services",17,"Accommodation & Food Services",2017,"2017","04000US26","Michigan",9279,787.3658615916746,1.2763683686858547,"Grand Rapids, MI","16000US2634000","grand-rapids-mi",27072,3914,9330,-0.5466237942122186,27295,-0.8169994504488002,9.580003716781267
11,"Other Services, Except Public Administration (Group)",18,"Other Services, Except Public Administration",2017,"2017","04000US26","Michigan",4284,472.7155592954394,0.9036428199055813,"Grand Rapids, MI","16000US2634000","grand-rapids-mi",,,4167,2.8077753779697625,,NaN,4.422969708232671
12,"Public Administration (Group)",19,"Public Administration",2017,"2017","04000US26","Michigan",1769,303.42379603452326,0.3914846966498326,"Grand Rapids, MI","16000US2634000","grand-rapids-mi",96115,11894,2045,-13.49633251833741,93849,2.4145169367814256,1.8263850172417353
0,"Agriculture, Forestry, Fishing & Hunting, & Mining",0,"Agriculture, Forestry, Fishing & Hunting",2016,"2016","04000US26","Michigan",1471,361.3543966800459,1.1834261852052963,"Grand Rapids, MI","16000US2634000","grand-rapids-mi",27988,4179,1331,10.518407212622089,26763,4.57721481149348,1.5695856763303064
0,"Agriculture, Forestry, Fishing & Hunting, & Mining",1,"Mining, Quarrying, & Oil & Gas Extraction",2016,"2016","04000US26","Michigan",70,54.20332093147061,0.12551116549507385,"Grand Rapids, MI","16000US2634000","grand-rapids-mi",102361,54498,84,-16.666666666666664,117663,-13.00493783092391,0.07469136461123145
1,"Construction (Group)",2,"Construction",2016,"2016","04000US26","Michigan",3529,402.1405227031964,0.6020553024407428,"Grand Rapids, MI","16000US2634000","grand-rapids-mi",51536,8899,3439,2.6170398371619656,52558,-1.944518436774611,3.7655117959005113
2,"Manufacturing (Group)",3,"Manufacturing",2016,"2016","04000US26","Michigan",15105,783.1328112140366,1.5574111021800197,"Grand Rapids, MI","16000US2634000","grand-rapids-mi",60468,5665,15191,-0.5661246790863012,58843,2.7615859150621143,16.117329463609302
3,"Wholesale Trade (Group)",4,"Wholesale Trade",2016,"2016","04000US26","Michigan",2988,424.6469121517311,1.1816083871395822,"Grand Rapids, MI","16000US2634000","grand-rapids-mi",62805,16230,3022,-1.1250827266710788,58525,7.313114053823153,3.188254249405137
4,"Retail Trade (Group)",5,"Retail Trade",2016,"2016","04000US26","Michigan",9975,697.529927673358,0.9251048813715219,"Grand Rapids, MI","16000US2634000","grand-rapids-mi",34695,3979,9538,4.581673306772909,35705,-2.828735471222518,10.643519457100481
5,"Transportation & Warehousing, & Utilities",6,"Transportation & Warehousing",2016,"2016","04000US26","Michigan",2543,318.8494942759044,0.6510705575944458,"Grand Rapids, MI","16000US2634000","grand-rapids-mi",55428,7890,2248,13.122775800711745,57180,-3.064008394543547,2.713430574376594
5,"Transportation & Warehousing, & Utilities",7,"Utilities",2016,"2016","04000US26","Michigan",346,129.6919426949878,0.4395447546715355,"Grand Rapids, MI","16000US2634000","grand-rapids-mi",130616,22480,367,-5.722070844686648,130429,0.1433730228706806,0.36918874507837257
6,"Information (Group)",8,"Information",2016,"2016","04000US26","Michigan",1747,289.91378028648444,0.8809100731907448,"Grand Rapids, MI","16000US2634000","grand-rapids-mi",72759,15977,1511,15.618795499669094,70127,3.753190639839149,1.8640830567974478
7,"Finance & Insurance, & Real Estate & Rental & Leasing",9,"Finance & Insurance",2016,"2016","04000US26","Michigan",3623,403.25178238911724,0.8290085822136298,"Grand Rapids, MI","16000US2634000","grand-rapids-mi",83112,9365,3347,8.246190618464297,84104,-1.1794920574526775,3.86581162837845
7,"Finance & Insurance, & Real Estate & Rental & Leasing",10,"Real Estate & Rental & Leasing",2016,"2016","04000US26","Michigan",1434,256.2225595063791,0.8001900683196459,"Grand Rapids, MI","16000US2634000","grand-rapids-mi",59127,19989,1414,1.4144271570014144,64814,-8.77433887740303,1.5301059550357985
8,"Professional, Scientific, & Management, & Administrative & Waste Management Services",11,"Professional, Scientific, & Technical Services",2016,"2016","04000US26","Michigan",5561,448.7426879627121,0.8727747699562436,"Grand Rapids, MI","16000US2634000","grand-rapids-mi",87024,8106,5219,6.552979497988121,81354,6.969540526587506,5.933695408615115
8,"Professional, Scientific, & Management, & Administrative & Waste Management Services",12,"Management of Companies & Enterprises",2016,"2016","04000US26","Michigan",126,67.11929677819934,1.557338462833795,"Grand Rapids, MI","16000US2634000","grand-rapids-mi",100649,65737,104,21.153846153846153,95179,5.747066054486809,0.13444445630021662
8,"Professional, Scientific, & Management, & Administrative & Waste Management Services",13,"Administrative & Support & Waste Management Services",2016,"2016","04000US26","Michigan",3889,410.209702469359,0.9708064264095685,"Grand Rapids, MI","16000US2634000","grand-rapids-mi",30324,6471,4086,-4.8213411649535,28770,5.401459854014599,4.14963881390113
9,"Educational Services, & Health Care & Social Assistance",14,"Educational Services",2016,"2016","04000US26","Michigan",8679,590.5971554283003,0.9973786671796044,"Grand Rapids, MI","16000US2634000","grand-rapids-mi",61299,8130,8959,-3.1253488112512557,59523,2.983720578599869,9.260662192298254
9,"Educational Services, & Health Care & Social Assistance",15,"Health Care & Social Assistance",2016,"2016","04000US26","Michigan",14885,760.7798630352935,1.1488379588359208,"Grand Rapids, MI","16000US2634000","grand-rapids-mi",59317,3133,14041,6.010967879780642,56908,4.233148239263373,15.882585174831142
10,"Arts, Entertainment, & Recreation, & Accommodation & Food Services",16,"Arts, Entertainment, & Recreation",2016,"2016","04000US26","Michigan",2206,353.5562190090849,1.0835116477510218,"Grand Rapids, MI","16000US2634000","grand-rapids-mi",28975,6150,1861,18.538420204191294,29514,-1.8262519482279596,2.3538450047482367
10,"Arts, Entertainment, & Recreation, & Accommodation & Food Services",17,"Accommodation & Food Services",2016,"2016","04000US26","Michigan",9330,672.0007440472071,1.3272545270606704,"Grand Rapids, MI","16000US2634000","grand-rapids-mi",27295,2936,8415,10.87344028520499,26694,2.2514422716715368,9.955291883182706
11,"Other Services, Except Public Administration (Group)",18,"Other Services, Except Public Administration",2016,"2016","04000US26","Michigan",4167,370.0337822415678,0.9044371244212381,"Grand Rapids, MI","16000US2634000","grand-rapids-mi",,,4391,-5.101343657481212,,NaN,4.446270233357163
12,"Public Administration (Group)",19,"Public Administration",2016,"2016","04000US26","Michigan",2045,280.6314308839978,0.4628448237917601,"Grand Rapids, MI","16000US2634000","grand-rapids-mi",93849,7434,1905,7.349081364829396,98536,-4.756637168141593,2.1820548661424044
0,"Agriculture, Forestry, Fishing & Hunting, & Mining",0,"Agriculture, Forestry, Fishing & Hunting",2015,"2015","04000US26","Michigan",1331,305.14422819381656,1.0908909344158433,"Grand Rapids, MI","16000US2634000","grand-rapids-mi",26763,2298,1043,27.612655800575265,27513,-2.7259840802529713,1.471157140804439
0,"Agriculture, Forestry, Fishing & Hunting, & Mining",1,"Mining, Quarrying, & Oil & Gas Extraction",2015,"2015","04000US26","Michigan",84,61.587336360651285,0.15258129494580844,"Grand Rapids, MI","16000US2634000","grand-rapids-mi",117663,56279,49,71.42857142857143,,NaN,0.09284537928442739
1,"Construction (Group)",2,"Construction",2015,"2015","04000US26","Michigan",3439,345.86268951709724,0.6136954121183131,"Grand Rapids, MI","16000US2634000","grand-rapids-mi",52558,19401,3290,4.528875379939209,56068,-6.260255404152101,3.8011340399898312
2,"Manufacturing (Group)",3,"Manufacturing",2015,"2015","04000US26","Michigan",15191,720.3867017095749,1.6130493949195328,"Grand Rapids, MI","16000US2634000","grand-rapids-mi",58843,3635,14122,7.569749327290752,61359,-4.100457960527388,16.79064472273496
3,"Wholesale Trade (Group)",4,"Wholesale Trade",2015,"2015","04000US26","Michigan",3022,350.7506236630236,1.2266965146833828,"Grand Rapids, MI","16000US2634000","grand-rapids-mi",58525,9821,2994,0.9352037408149633,58057,0.8061043457291972,3.3402230499707093
4,"Retail Trade (Group)",5,"Retail Trade",2015,"2015","04000US26","Michigan",9538,618.025889425354,0.9126470434631438,"Grand Rapids, MI","16000US2634000","grand-rapids-mi",35705,4167,8651,10.253149924864177,34864,2.4122303809086736,10.542371757319863
5,"Transportation & Warehousing, & Utilities",6,"Transportation & Warehousing",2015,"2015","04000US26","Michigan",2248,300.8072472531205,0.6050039636346846,"Grand Rapids, MI","16000US2634000","grand-rapids-mi",57180,9421,2121,5.987741631305988,68787,-16.873827903528284,2.484719197992771
5,"Transportation & Warehousing, & Utilities",7,"Utilities",2015,"2015","04000US26","Michigan",367,149.68299836654796,0.4766829604612262,"Grand Rapids, MI","16000US2634000","grand-rapids-mi",130429,74948,385,-4.675324675324675,123229,5.842780514326985,0.40564588330220064
6,"Information (Group)",8,"Information",2015,"2015","04000US26","Michigan",1511,261.0785322465254,0.786696172248401,"Grand Rapids, MI","16000US2634000","grand-rapids-mi",70127,14177,1635,-7.584097859327217,72245,-2.9316907744480587,1.6701115249853546
7,"Finance & Insurance, & Real Estate & Rental & Leasing",9,"Finance & Insurance",2015,"2015","04000US26","Michigan",3347,415.0867379235333,0.7896679611469035,"Grand Rapids, MI","16000US2634000","grand-rapids-mi",84104,15661,3256,2.7948402948402946,83656,0.5355264416180548,3.699446243630696
7,"Finance & Insurance, & Real Estate & Rental & Leasing",10,"Real Estate & Rental & Leasing",2015,"2015","04000US26","Michigan",1414,260.7623439072443,0.8282732065972455,"Grand Rapids, MI","16000US2634000","grand-rapids-mi",64814,14543,1599,-11.569731081926204,62153,4.2813701671681175,1.562897217954528
8,"Professional, Scientific, & Management, & Administrative & Waste Management Services",11,"Professional, Scientific, & Technical Services",2015,"2015","04000US26","Michigan",5219,442.7595284124329,0.8630486486221371,"Grand Rapids, MI","16000US2634000","grand-rapids-mi",81354,7308,5155,1.241513094083414,82378,-1.2430503289713273,5.768571839112221
8,"Professional, Scientific, & Management, & Administrative & Waste Management Services",12,"Management of Companies & Enterprises",2015,"2015","04000US26","Michigan",104,57.30619512757761,1.4406888276129357,"Grand Rapids, MI","16000US2634000","grand-rapids-mi",95179,366778,82,26.82926829268293,93765,1.5080253826054497,0.11495142197119582
8,"Professional, Scientific, & Management, & Administrative & Waste Management Services",13,"Administrative & Support & Waste Management Services",2015,"2015","04000US26","Michigan",4086,472.451055666087,1.0588512635532945,"Grand Rapids, MI","16000US2634000","grand-rapids-mi",28770,5399,4228,-3.3585619678334915,29321,-1.8791992087582279,4.516264520906789
9,"Educational Services, & Health Care & Social Assistance",14,"Educational Services",2015,"2015","04000US26","Michigan",8959,590.8747752273741,1.0606535039263063,"Grand Rapids, MI","16000US2634000","grand-rapids-mi",59523,10391,8975,-0.17827298050139276,61562,-3.312108118644618,9.902401821537918
9,"Educational Services, & Health Care & Social Assistance",15,"Health Care & Social Assistance",2015,"2015","04000US26","Michigan",14041,722.281108710452,1.1235587790098207,"Grand Rapids, MI","16000US2634000","grand-rapids-mi",56908,3920,13332,5.318031803180318,55560,2.426205903527718,15.519547268245775
10,"Arts, Entertainment, & Recreation, & Accommodation & Food Services",16,"Arts, Entertainment, & Recreation",2015,"2015","04000US26","Michigan",1861,309.82898508693467,0.9526240558557236,"Grand Rapids, MI","16000US2634000","grand-rapids-mi",29514,7609,1986,-6.294058408862034,27382,7.78613687824118,2.0569672720038024
10,"Arts, Entertainment, & Recreation, & Accommodation & Food Services",17,"Accommodation & Food Services",2015,"2015","04000US26","Michigan",8415,629.971427923521,1.250814354213327,"Grand Rapids, MI","16000US2634000","grand-rapids-mi",26694,3009,7876,6.843575418994413,24930,7.075812274368232,9.301117460457817
11,"Other Services, Except Public Administration (Group)",18,"Other Services, Except Public Administration",2015,"2015","04000US26","Michigan",4391,411.5968901728972,0.9827033161699957,"Grand Rapids, MI","16000US2634000","grand-rapids-mi",,,4179,5.072983967456329,,NaN,4.853381671880008
12,"Public Administration (Group)",19,"Public Administration",2015,"2015","04000US26","Michigan",1905,281.4427117549858,0.438598034216441,"Grand Rapids, MI","16000US2634000","grand-rapids-mi",98536,10789,1799,5.892162312395775,92689,6.308191910582702,2.105600565914693
0,"Agriculture, Forestry, Fishing & Hunting, & Mining",0,"Agriculture, Forestry, Fishing & Hunting",2014,"2014","04000US26","Michigan",1043,286.1904959987316,0.8820262963633115,"Grand Rapids, MI","16000US2634000","grand-rapids-mi",27513,3157,1391,-25.017972681524082,28244,-2.5881603172355194,1.2022084673282847
0,"Agriculture, Forestry, Fishing & Hunting, & Mining",1,"Mining, Quarrying, & Oil & Gas Extraction",2014,"2014","04000US26","Michigan",49,49.4064773081425,0.09505518274607733,"Grand Rapids, MI","16000US2634000","grand-rapids-mi",,,9,444.44444444444446,,NaN,0.056479592424818745
1,"Construction (Group)",2,"Construction",2014,"2014","04000US26","Michigan",3290,315.7847368065784,0.6150527001399652,"Grand Rapids, MI","16000US2634000","grand-rapids-mi",56068,21441,3258,0.9821976672805401,50682,10.627047077858016,3.792201205666402
2,"Manufacturing (Group)",3,"Manufacturing",2014,"2014","04000US26","Michigan",14122,853.4928236370824,1.5611846864610235,"Grand Rapids, MI","16000US2634000","grand-rapids-mi",61359,3967,13511,4.522241136851454,60782,0.9492941989404757,16.277649065781436
3,"Wholesale Trade (Group)",4,"Wholesale Trade",2014,"2014","04000US26","Michigan",2994,342.69811788219675,1.2571055318186024,"Grand Rapids, MI","16000US2634000","grand-rapids-mi",58057,8066,3301,-9.300212056952438,57912,0.25037988672468575,3.4510183616307617
4,"Retail Trade (Group)",5,"Retail Trade",2014,"2014","04000US26","Michigan",8651,547.2887720390397,0.8616741860889103,"Grand Rapids, MI","16000US2634000","grand-rapids-mi",34864,3139,8852,-2.270673294170809,35640,-2.1773288439955105,9.971529674838918
5,"Transportation & Warehousing, & Utilities",6,"Transportation & Warehousing",2014,"2014","04000US26","Michigan",2121,267.75548547135315,0.6014351318602916,"Grand Rapids, MI","16000US2634000","grand-rapids-mi",68787,6109,2092,1.3862332695984703,70161,-1.958352931115577,2.4447595006742975
5,"Transportation & Warehousing, & Utilities",7,"Utilities",2014,"2014","04000US26","Michigan",385,167.72596698186,0.5149000763005139,"Grand Rapids, MI","16000US2634000","grand-rapids-mi",123229,55458,471,-18.259023354564754,116607,5.678904353941015,0.44376822619500444
6,"Information (Group)",8,"Information",2014,"2014","04000US26","Michigan",1635,312.166622174761,0.8822044774497082,"Grand Rapids, MI","16000US2634000","grand-rapids-mi",72245,7825,1768,-7.52262443438914,72906,-0.9066469152058816,1.8845741553995643
7,"Finance & Insurance, & Real Estate & Rental & Leasing",9,"Finance & Insurance",2014,"2014","04000US26","Michigan",3256,417.3104360065777,0.7949442217545601,"Grand Rapids, MI","16000US2634000","grand-rapids-mi",83656,16715,3014,8.02919708029197,83165,0.5903925930379367,3.7530112843920373
7,"Finance & Insurance, & Real Estate & Rental & Leasing",10,"Real Estate & Rental & Leasing",2014,"2014","04000US26","Michigan",1599,294.8694626440656,0.9806332951569477,"Grand Rapids, MI","16000US2634000","grand-rapids-mi",62153,18377,1550,3.1612903225806455,68576,-9.366250583294446,1.843078944638473
8,"Professional, Scientific, & Management, & Administrative & Waste Management Services",11,"Professional, Scientific, & Technical Services",2014,"2014","04000US26","Michigan",5155,457.5904282215702,0.9024277053272103,"Grand Rapids, MI","16000US2634000","grand-rapids-mi",82378,10008,4891,5.39766918830505,80356,2.5163024540793466,5.941883652039605
8,"Professional, Scientific, & Management, & Administrative & Waste Management Services",12,"Management of Companies & Enterprises",2014,"2014","04000US26","Michigan",82,52.009614495783374,1.2436632866193051,"Grand Rapids, MI","16000US2634000","grand-rapids-mi",93765,280704,149,-44.966442953020135,76471,22.615108995566946,0.09451686895581912
8,"Professional, Scientific, & Management, & Administrative & Waste Management Services",13,"Administrative & Support & Waste Management Services",2014,"2014","04000US26","Michigan",4228,481.3740749147174,1.1524690827787387,"Grand Rapids, MI","16000US2634000","grand-rapids-mi",29321,6485,4104,3.0214424951267054,31912,-8.119202807721233,4.873381974941504
9,"Educational Services, & Health Care & Social Assistance",14,"Educational Services",2014,"2014","04000US26","Michigan",8975,635.1771406466073,1.098662991679923,"Grand Rapids, MI","16000US2634000","grand-rapids-mi",61562,12890,8738,2.712291142137789,60805,1.2449634076145053,10.34498657168874
9,"Educational Services, & Health Care & Social Assistance",15,"Health Care & Social Assistance",2014,"2014","04000US26","Michigan",13332,645.5896529530194,1.1137044431714362,"Grand Rapids, MI","16000US2634000","grand-rapids-mi",55560,4259,12842,3.8156050459429998,55582,-0.039581159368140766,15.367059718524153
10,"Arts, Entertainment, & Recreation, & Accommodation & Food Services",16,"Arts, Entertainment, & Recreation",2014,"2014","04000US26","Michigan",1986,314.00636936215164,1.0652542114213166,"Grand Rapids, MI","16000US2634000","grand-rapids-mi",27382,6045,1816,9.361233480176212,27341,0.1499579386269705,2.2891524603202047
10,"Arts, Entertainment, & Recreation, & Accommodation & Food Services",17,"Accommodation & Food Services",2014,"2014","04000US26","Michigan",7876,616.6036003787199,1.2368514497465788,"Grand Rapids, MI","16000US2634000","grand-rapids-mi",24930,3168,7218,9.11609864228318,23858,4.493251739458462,9.078229998732091
11,"Other Services, Except Public Administration (Group)",18,"Other Services, Except Public Administration",2014,"2014","04000US26","Michigan",4179,427.41197924251026,0.9713966137663085,"Grand Rapids, MI","16000US2634000","grand-rapids-mi",,,4458,-6.258411843876177,,NaN,4.816902382516684
12,"Public Administration (Group)",19,"Public Administration",2014,"2014","04000US26","Michigan",1799,269.5570440556136,0.42153941474228107,"Grand Rapids, MI","16000US2634000","grand-rapids-mi",92689,12990,1762,2.09988649262202,94584,-2.0035101074177453,2.0736078933112028
0,"Agriculture, Forestry, Fishing & Hunting, & Mining",0,"Agriculture, Forestry, Fishing & Hunting",2013,"2013","04000US26","Michigan",1391,334.2813186524188,1.196310997613462,"Grand Rapids, MI","16000US2634000","grand-rapids-mi",28244,6208,,NaN,,NaN,1.632724925171665
0,"Agriculture, Forestry, Fishing & Hunting, & Mining",1,"Mining, Quarrying, & Oil & Gas Extraction",2013,"2013","04000US26","Michigan",9,29.410882339705488,0.01884789956411728,"Grand Rapids, MI","16000US2634000","grand-rapids-mi",,,,NaN,,NaN,0.010564000234755561
1,"Construction (Group)",2,"Construction",2013,"2013","04000US26","Michigan",3258,476.9339576922574,0.6120092610644352,"Grand Rapids, MI","16000US2634000","grand-rapids-mi",50682,14205,,NaN,,NaN,3.8241680849815127
2,"Manufacturing (Group)",3,"Manufacturing",2013,"2013","04000US26","Michigan",13511,699.0350491928141,1.5132546726992846,"Grand Rapids, MI","16000US2634000","grand-rapids-mi",60782,2696,,NaN,,NaN,15.85891190797582
3,"Wholesale Trade (Group)",4,"Wholesale Trade",2013,"2013","04000US26","Michigan",3301,348.3102065687998,1.3958659562923004,"Grand Rapids, MI","16000US2634000","grand-rapids-mi",57912,12739,,NaN,,NaN,3.874640530547567
4,"Retail Trade (Group)",5,"Retail Trade",2013,"2013","04000US26","Michigan",8852,613.0073409022114,0.8979558922693385,"Grand Rapids, MI","16000US2634000","grand-rapids-mi",35640,4376,,NaN,,NaN,10.390281119784026
5,"Transportation & Warehousing, & Utilities",6,"Transportation & Warehousing",2013,"2013","04000US26","Michigan",2092,317.90721916936707,0.6029949520664856,"Grand Rapids, MI","16000US2634000","grand-rapids-mi",70161,5361,,NaN,,NaN,2.455543165678737
5,"Transportation & Warehousing, & Utilities",7,"Utilities",2013,"2013","04000US26","Michigan",471,207.95432190748045,0.6358010026506222,"Grand Rapids, MI","16000US2634000","grand-rapids-mi",116607,30103,,NaN,,NaN,0.5528493456188743
6,"Information (Group)",8,"Information",2013,"2013","04000US26","Michigan",1768,302.8035666896941,0.9632609376466057,"Grand Rapids, MI","16000US2634000","grand-rapids-mi",72906,9124,,NaN,,NaN,2.0752391572275366
7,"Finance & Insurance, & Real Estate & Rental & Leasing",9,"Finance & Insurance",2013,"2013","04000US26","Michigan",3014,371.9408555133464,0.7404404252309633,"Grand Rapids, MI","16000US2634000","grand-rapids-mi",83165,13802,,NaN,,NaN,3.5377663008392513
7,"Finance & Insurance, & Real Estate & Rental & Leasing",10,"Real Estate & Rental & Leasing",2013,"2013","04000US26","Michigan",1550,299.82661656363996,0.9589278323587959,"Grand Rapids, MI","16000US2634000","grand-rapids-mi",68576,13716,,NaN,,NaN,1.8193555959856798
8,"Professional, Scientific, & Management, & Administrative & Waste Management Services",11,"Professional, Scientific, & Technical Services",2013,"2013","04000US26","Michigan",4891,473.83752489645644,0.8800219957587365,"Grand Rapids, MI","16000US2634000","grand-rapids-mi",80356,8790,,NaN,,NaN,5.740947238687717
8,"Professional, Scientific, & Management, & Administrative & Waste Management Services",12,"Management of Companies & Enterprises",2013,"2013","04000US26","Michigan",149,102.95630140987001,2.2765426055672537,"Grand Rapids, MI","16000US2634000","grand-rapids-mi",76471,54368,,NaN,,NaN,0.1748928927753976
8,"Professional, Scientific, & Management, & Administrative & Waste Management Services",13,"Administrative & Support & Waste Management Services",2013,"2013","04000US26","Michigan",4104,476.8280612547881,1.1511057789553867,"Grand Rapids, MI","16000US2634000","grand-rapids-mi",31912,7750,,NaN,,NaN,4.817184107048536
9,"Educational Services, & Health Care & Social Assistance",14,"Educational Services",2013,"2013","04000US26","Michigan",8738,568.2904187121229,1.0836998141878837,"Grand Rapids, MI","16000US2634000","grand-rapids-mi",60805,11706,,NaN,,NaN,10.256470450143789
9,"Educational Services, & Health Care & Social Assistance",15,"Health Care & Social Assistance",2013,"2013","04000US26","Michigan",12842,696.2075839862705,1.0997440004165444,"Grand Rapids, MI","16000US2634000","grand-rapids-mi",55582,4400,,NaN,,NaN,15.073654557192324
10,"Arts, Entertainment, & Recreation, & Accommodation & Food Services",16,"Arts, Entertainment, & Recreation",2013,"2013","04000US26","Michigan",1816,308.21096670949265,1.0000285084700884,"Grand Rapids, MI","16000US2634000","grand-rapids-mi",27341,4606,,NaN,,NaN,2.1315804918128998
10,"Arts, Entertainment, & Recreation, & Accommodation & Food Services",17,"Accommodation & Food Services",2013,"2013","04000US26","Michigan",7218,600.8435736529101,1.1738667431916268,"Grand Rapids, MI","16000US2634000","grand-rapids-mi",23858,2708,,NaN,,NaN,8.472328188273961
11,"Other Services, Except Public Administration (Group)",18,"Other Services, Except Public Administration",2013,"2013","04000US26","Michigan",4458,414.9072185440981,1.0540043865396282,"Grand Rapids, MI","16000US2634000","grand-rapids-mi",,,,NaN,,NaN,5.232701449615588
12,"Public Administration (Group)",19,"Public Administration",2013,"2013","04000US26","Michigan",1762,272.23886570436633,0.41711979851101216,"Grand Rapids, MI","16000US2634000","grand-rapids-mi",94584,6491,,NaN,,NaN,2.0681964904043664