ID Group,Group,ID Subgroup,Subgroup,ID Occupation,Occupation,ID Year,Year,ID State,State,Workforce by Occupation and Gender,Workforce by Occupation and Gender Moe,ACS Occupation yg RCA,Geography,ID Geography,Slug Geography,Median Earnings,Median Earnings Moe,Workforce Prev,Workforce Growth,Median Earnings Prev,Median Earnings Growth,Share
0,"Management, Business, Science, & Arts Occupations",0,"Management, Business, & Financial Occupations",0,"Management Occupations",2021,"2021","04000US26","Michigan",8781,778.2081983633942,0.8004013860450013,"Grand Rapids, MI","16000US2634000","grand-rapids-mi",119840,5559,8803,-0.24991480177212314,112723,6.313707051799544,8.629127358490567
0,"Management, Business, Science, & Arts Occupations",0,"Management, Business, & Financial Occupations",1,"Business & Financial Operations Occupations",2021,"2021","04000US26","Michigan",5702,653.4294147036846,0.9915051553003239,"Grand Rapids, MI","16000US2634000","grand-rapids-mi",115882,15402,5328,7.01951951951952,106224,9.092107245067028,5.6033805031446535
0,"Management, Business, Science, & Arts Occupations",1,"Computer, Engineering, & Science Occupations",2,"Computer & Mathematical Occupations",2021,"2021","04000US26","Michigan",3197,386.7466871222041,0.926724693570914,"Grand Rapids, MI","16000US2634000","grand-rapids-mi",112332,14320,2856,11.939775910364146,103123,8.930112584001629,3.141705974842767
0,"Management, Business, Science, & Arts Occupations",1,"Computer, Engineering, & Science Occupations",3,"Architecture & Engineering Occupations",2021,"2021","04000US26","Michigan",2125,328.28341414089135,1.012361168425372,"Grand Rapids, MI","16000US2634000","grand-rapids-mi",135677,26456,1806,17.663344407530452,120814,12.302382174251328,2.088246855345912
0,"Management, Business, Science, & Arts Occupations",1,"Computer, Engineering, & Science Occupations",4,"Life, Physical, & Social Science Occupations",2021,"2021","04000US26","Michigan",959,214.2265156324025,0.9035656720554157,"Grand Rapids, MI","16000US2634000","grand-rapids-mi",117528,29861,868,10.483870967741936,114976,2.21959365432786,0.9424135220125786
0,"Management, Business, Science, & Arts Occupations",2,"Education, Legal, Community Service, Arts, & Media Occupations",5,"Community & Social Service Occupations",2021,"2021","04000US26","Michigan",2279,330.1060435678208,1.2536438977939866,"Grand Rapids, MI","16000US2634000","grand-rapids-mi",92854,16380,2259,0.8853474988933155,90134,3.017729158807997,2.2395833333333335
0,"Management, Business, Science, & Arts Occupations",2,"Education, Legal, Community Service, Arts, & Media Occupations",6,"Legal Occupations",2021,"2021","04000US26","Michigan",1073,242.0330555936523,0.9019373291105158,"Grand Rapids, MI","16000US2634000","grand-rapids-mi",142674,77219,1010,6.237623762376238,126697,12.610401193398424,1.054441823899371
0,"Management, Business, Science, & Arts Occupations",2,"Education, Legal, Community Service, Arts, & Media Occupations",7,"Education Instruction, & Library Occupations",2021,"2021","04000US26","Michigan",5511,485.5852139429289,0.878292102676368,"Grand Rapids, MI","16000US2634000","grand-rapids-mi",76231,12264,5637,-2.2352315061202765,70205,8.583434228331315,5.415683962264151
0,"Management, Business, Science, & Arts Occupations",2,"Education, Legal, Community Service, Arts, & Media Occupations",8,"Arts, Design, Entertainment, Sports, & Media Occupations",2021,"2021","04000US26","Michigan",2888,405,1.387380828227474,"Grand Rapids, MI","16000US2634000","grand-rapids-mi",72226,15523,3031,-4.717914879577697,69155,4.440749042007085,2.838050314465409
0,"Management, Business, Science, & Arts Occupations",3,"Healthcare Practitioners & Technical Occupations",9,"Health Diagnosing & Treating Practitioners & Other Technical Occupations",2021,"2021","04000US26","Michigan",4695,506.53430288579665,1.088538607806219,"Grand Rapids, MI","16000US2634000","grand-rapids-mi",121966,20533,4592,2.2430313588850175,118388,3.02226577017941,4.6137971698113205
0,"Management, Business, Science, & Arts Occupations",3,"Healthcare Practitioners & Technical Occupations",10,"Health Technologists & Technicians",2021,"2021","04000US26","Michigan",1534,287.563905940923,0.7686520754537204,"Grand Rapids, MI","16000US2634000","grand-rapids-mi",78500,8634,1578,-2.788339670468948,70190,11.839293346630573,1.5074685534591195
1,"Service Occupations",4,"Service Occupations",11,"Healthcare Support Occupations",2021,"2021","04000US26","Michigan",3503,505.4394127885161,1.0499545221340596,"Grand Rapids, MI","16000US2634000","grand-rapids-mi",36829,9517,3575,-2.013986013986014,32753,12.444661557719904,3.4424135220125787
1,"Service Occupations",4,"Service Occupations",14,"Food Preparation & Serving Related Occupations",2021,"2021","04000US26","Michigan",7662,805.3750679031479,1.399813756156094,"Grand Rapids, MI","16000US2634000","grand-rapids-mi",30872,6921,7913,-3.1719954505244536,30446,1.3991985810943968,7.529481132075472
1,"Service Occupations",4,"Service Occupations",15,"Building & Grounds Cleaning & Maintenance Occupations",2021,"2021","04000US26","Michigan",3539,489.5406009719725,0.9680648780746636,"Grand Rapids, MI","16000US2634000","grand-rapids-mi",33766,10824,4114,-13.976665046183761,30687,10.0335647016652,3.4777908805031448
1,"Service Occupations",4,"Service Occupations",16,"Personal Care & Service Occupations",2021,"2021","04000US26","Michigan",2971,475.1946969401069,1.1087302959442906,"Grand Rapids, MI","16000US2634000","grand-rapids-mi",39953,13168,3190,-6.8652037617554855,36226,10.288190802186275,2.919614779874214
1,"Service Occupations",5,"Protective Service Occupations",12,"Fire Fighting & Prevention, & Other Protective Service Workers Including Supervisors",2021,"2021","04000US26","Michigan",1036,293.7839342101607,0.8647121802532675,"Grand Rapids, MI","16000US2634000","grand-rapids-mi",43737,27268,1113,-6.918238993710692,43138,1.388566924753118,1.0180817610062893
1,"Service Occupations",5,"Protective Service Occupations",13,"Law Enforcement Workers Including Supervisors",2021,"2021","04000US26","Michigan",263,125.41929676090517,0.2662127746634086,"Grand Rapids, MI","16000US2634000","grand-rapids-mi",116957,25791,274,-4.014598540145985,119990,-2.5277106425535463,0.2584512578616352
2,"Sales & Office Occupations",6,"Sales & Office Occupations",17,"Sales & Related Occupations",2021,"2021","04000US26","Michigan",9212,750.336591137604,0.9266011194633327,"Grand Rapids, MI","16000US2634000","grand-rapids-mi",67664,10884,9298,-0.9249300924930093,64964,4.156148020442091,9.052672955974844
2,"Sales & Office Occupations",6,"Sales & Office Occupations",18,"Office & Administrative Support Occupations",2021,"2021","04000US26","Michigan",11052,728.1050748346698,0.9790217755759097,"Grand Rapids, MI","16000US2634000","grand-rapids-mi",68703,3554,10894,1.4503396364971544,63703,7.848923912531591,10.860849056603774
3,"Natural Resources, Construction, & Maintenance Occupations",7,"Natural Resources, Construction, & Maintenance Occupations",19,"Farming, Fishing, & Forestry Occupations",2021,"2021","04000US26","Michigan",797,211.62466774929618,1.264996904887225,"Grand Rapids, MI","16000US2634000","grand-rapids-mi",43223,9386,1143,-30.271216097987754,37482,15.316685342297637,0.7832154088050315
3,"Natural Resources, Construction, & Maintenance Occupations",7,"Natural Resources, Construction, & Maintenance Occupations",20,"Construction & Extraction Occupations",2021,"2021","04000US26","Michigan",3759,548.1505267716159,0.7354169250322551,"Grand Rapids, MI","16000US2634000","grand-rapids-mi",47430,7177,3636,3.382838283828383,41151,15.258438434059926,3.6939858490566038
3,"Natural Resources, Construction, & Maintenance Occupations",7,"Natural Resources, Construction, & Maintenance Occupations",21,"Installation, Maintenance, & Repair Occupations",2021,"2021","04000US26","Michigan",1628,330.0545409474016,0.521475589014859,"Grand Rapids, MI","16000US2634000","grand-rapids-mi",84341,16857,1704,-4.460093896713615,82640,2.0583252662149083,1.5998427672955975
4,"Production, Transportation, & Material Moving Occupations",8,"Production, Transportation, & Material Moving Occupations",22,"Production Occupations",2021,"2021","04000US26","Michigan",9202,711.2671790543973,1.6373879179288058,"Grand Rapids, MI","16000US2634000","grand-rapids-mi",65063,3214,9350,-1.5828877005347592,60493,7.554593093415766,9.042845911949685
4,"Production, Transportation, & Material Moving Occupations",8,"Production, Transportation, & Material Moving Occupations",23,"Transportation Occupations",2021,"2021","04000US26","Michigan",2993,418.0071769718793,0.7703026000221354,"Grand Rapids, MI","16000US2634000","grand-rapids-mi",65389,11764,2619,14.280259641084383,63982,2.199055984495639,2.94123427672956
0,"Management, Business, Science, & Arts Occupations",0,"Management, Business, & Financial Occupations",0,"Management Occupations",2020,"2020","04000US26","Michigan",8803,741.218591240128,0.8236648901905922,"Grand Rapids, MI","16000US2634000","grand-rapids-mi",112723,6205,7970,10.451693851944793,110357,2.1439509954058193,8.65134197517518
0,"Management, Business, Science, & Arts Occupations",0,"Management, Business, & Financial Occupations",1,"Business & Financial Operations Occupations",2020,"2020","04000US26","Michigan",5328,703.1393887416633,0.9481631688062948,"Grand Rapids, MI","16000US2634000","grand-rapids-mi",106224,14493,4902,8.69033047735618,100113,6.104102364328309,5.236209251815671
0,"Management, Business, Science, & Arts Occupations",1,"Computer, Engineering, & Science Occupations",2,"Computer & Mathematical Occupations",2020,"2020","04000US26","Michigan",2856,356.4842212496929,0.862533730088618,"Grand Rapids, MI","16000US2634000","grand-rapids-mi",103123,11746,2440,17.04918032786885,108714,-5.142851886601542,2.8067968511984906
0,"Management, Business, Science, & Arts Occupations",1,"Computer, Engineering, & Science Occupations",3,"Architecture & Engineering Occupations",2020,"2020","04000US26","Michigan",1806,282.4057364856458,0.8958249354241462,"Grand Rapids, MI","16000US2634000","grand-rapids-mi",120814,17295,1762,2.4971623155505105,113793,6.1699753060381575,1.7748862441402218
0,"Management, Business, Science, & Arts Occupations",1,"Computer, Engineering, & Science Occupations",4,"Life, Physical, & Social Science Occupations",2020,"2020","04000US26","Michigan",868,206.02184350209083,0.8584193387523374,"Grand Rapids, MI","16000US2634000","grand-rapids-mi",114976,29973,789,10.012674271229404,99913,15.076116221112368,0.8530461018348354
0,"Management, Business, Science, & Arts Occupations",2,"Education, Legal, Community Service, Arts, & Media Occupations",5,"Community & Social Service Occupations",2020,"2020","04000US26","Michigan",2259,345.71953951143695,1.2502860770474145,"Grand Rapids, MI","16000US2634000","grand-rapids-mi",90134,10760,2180,3.6238532110091746,86692,3.9703778895399804,2.2200819631853608
0,"Management, Business, Science, & Arts Occupations",2,"Education, Legal, Community Service, Arts, & Media Occupations",6,"Legal Occupations",2020,"2020","04000US26","Michigan",1010,268.337474088134,0.8694721984611299,"Grand Rapids, MI","16000US2634000","grand-rapids-mi",126697,51679,911,10.867178924259056,136821,-7.399448915005738,0.992599726789382
0,"Management, Business, Science, & Arts Occupations",2,"Education, Legal, Community Service, Arts, & Media Occupations",7,"Education Instruction, & Library Occupations",2020,"2020","04000US26","Michigan",5637,471.0689970694314,0.90420097864974,"Grand Rapids, MI","16000US2634000","grand-rapids-mi",70205,6149,5585,0.9310653536257834,70668,-0.6551763174279731,5.539885801892819
0,"Management, Business, Science, & Arts Occupations",2,"Education, Legal, Community Service, Arts, & Media Occupations",8,"Arts, Design, Entertainment, Sports, & Media Occupations",2020,"2020","04000US26","Michigan",3031,419.48778289719,1.4581153249242362,"Grand Rapids, MI","16000US2634000","grand-rapids-mi",69155,9099,2861,5.941978329255505,69375,-0.3171171171171171,2.978781952374869
0,"Management, Business, Science, & Arts Occupations",3,"Healthcare Practitioners & Technical Occupations",9,"Health Diagnosing & Treating Practitioners & Other Technical Occupations",2020,"2020","04000US26","Michigan",4592,484.33459508897363,1.0833574280671516,"Grand Rapids, MI","16000US2634000","grand-rapids-mi",118388,15586,4769,-3.7114699098343467,125624,-5.7600458511112524,4.512889054868161
0,"Management, Business, Science, & Arts Occupations",3,"Healthcare Practitioners & Technical Occupations",10,"Health Technologists & Technicians",2020,"2020","04000US26","Michigan",1578,238.6566571457834,0.7909676995729117,"Grand Rapids, MI","16000US2634000","grand-rapids-mi",70190,6170,1735,-9.048991354466859,68712,2.1510071021073465,1.5508142266075693
1,"Service Occupations",4,"Service Occupations",11,"Healthcare Support Occupations",2020,"2020","04000US26","Michigan",3575,498.7233702163956,1.0729442656237698,"Grand Rapids, MI","16000US2634000","grand-rapids-mi",32753,6666,3730,-4.1554959785522785,34749,-5.744050188494633,3.5134099240317243
1,"Service Occupations",4,"Service Occupations",14,"Food Preparation & Serving Related Occupations",2020,"2020","04000US26","Michigan",7913,793.530087646335,1.3996206208445408,"Grand Rapids, MI","16000US2634000","grand-rapids-mi",30446,6547,7962,-0.6154232604873147,28109,8.314063111458964,7.7766748891924555
1,"Service Occupations",4,"Service Occupations",15,"Building & Grounds Cleaning & Maintenance Occupations",2020,"2020","04000US26","Michigan",4114,468.4495703915204,1.0993314342460963,"Grand Rapids, MI","16000US2634000","grand-rapids-mi",30687,9284,4323,-4.8346055979643765,31880,-3.742158092848181,4.0431240356549685
1,"Service Occupations",4,"Service Occupations",16,"Personal Care & Service Occupations",2020,"2020","04000US26","Michigan",3190,519.2301994298867,1.1468235089738437,"Grand Rapids, MI","16000US2634000","grand-rapids-mi",36226,7080,2792,14.255014326647563,32860,10.243457090687766,3.1350427014436923
1,"Service Occupations",5,"Protective Service Occupations",12,"Fire Fighting & Prevention, & Other Protective Service Workers Including Supervisors",2020,"2020","04000US26","Michigan",1113,315.6738823532919,0.9330379698949836,"Grand Rapids, MI","16000US2634000","grand-rapids-mi",43138,22959,923,20.585048754062836,38780,11.237751418256833,1.0938252434817646
1,"Service Occupations",5,"Protective Service Occupations",13,"Law Enforcement Workers Including Supervisors",2020,"2020","04000US26","Michigan",274,117.98728745080972,0.27854078105772295,"Grand Rapids, MI","16000US2634000","grand-rapids-mi",119990,57842,221,23.981900452488688,133352,-10.020097186393905,0.269279529841872
2,"Sales & Office Occupations",6,"Sales & Office Occupations",17,"Sales & Related Occupations",2020,"2020","04000US26","Michigan",9298,652.0506115325711,0.913436285483956,"Grand Rapids, MI","16000US2634000","grand-rapids-mi",64964,7414,9767,-4.801883894747619,56747,14.480060619944668,9.137814118502648
2,"Sales & Office Occupations",6,"Sales & Office Occupations",18,"Office & Administrative Support Occupations",2020,"2020","04000US26","Michigan",10894,673.6200709598847,0.9454418632550609,"Grand Rapids, MI","16000US2634000","grand-rapids-mi",63703,4085,11290,-3.507528786536758,61486,3.605698858276681,10.706318241231216
3,"Natural Resources, Construction, & Maintenance Occupations",7,"Natural Resources, Construction, & Maintenance Occupations",19,"Farming, Fishing, & Forestry Occupations",2020,"2020","04000US26","Michigan",1143,275.40878707840824,1.748877198819091,"Grand Rapids, MI","16000US2634000","grand-rapids-mi",37482,9105,1545,-26.019417475728158,31920,17.424812030075188,1.1233084036834295
3,"Natural Resources, Construction, & Maintenance Occupations",7,"Natural Resources, Construction, & Maintenance Occupations",20,"Construction & Extraction Occupations",2020,"2020","04000US26","Michigan",3636,477.579312784798,0.7106248301685935,"Grand Rapids, MI","16000US2634000","grand-rapids-mi",41151,11055,3809,-4.541874507744815,37608,9.420867900446714,3.573359016441776
3,"Natural Resources, Construction, & Maintenance Occupations",7,"Natural Resources, Construction, & Maintenance Occupations",21,"Installation, Maintenance, & Repair Occupations",2020,"2020","04000US26","Michigan",1704,290.38767191463205,0.546110975007321,"Grand Rapids, MI","16000US2634000","grand-rapids-mi",82640,22996,1897,-10.173958882445968,58603,41.016671501458966,1.6746434994545618
4,"Production, Transportation, & Material Moving Occupations",8,"Production, Transportation, & Material Moving Occupations",22,"Production Occupations",2020,"2020","04000US26","Michigan",9350,764.1812612201375,1.6459729627208024,"Grand Rapids, MI","16000US2634000","grand-rapids-mi",60493,3149,10083,-7.269661807001884,57338,5.502459102166102,9.188918262852201
4,"Production, Transportation, & Material Moving Occupations",8,"Production, Transportation, & Material Moving Occupations",23,"Transportation Occupations",2020,"2020","04000US26","Michigan",2619,412.0012135904456,0.6762551792970553,"Grand Rapids, MI","16000US2634000","grand-rapids-mi",63982,16329,2558,2.3846755277560594,59165,8.141637792613876,2.5738798856053386
0,"Management, Business, Science, & Arts Occupations",0,"Management, Business, & Financial Occupations",0,"Management Occupations",2019,"2019","04000US26","Michigan",7970,579.8551543273544,0.7636085354545721,"Grand Rapids, MI","16000US2634000","grand-rapids-mi",110357,6669,7790,2.3106546854942236,103492,6.633362965253353,7.797137462457321
0,"Management, Business, Science, & Arts Occupations",0,"Management, Business, & Financial Occupations",1,"Business & Financial Operations Occupations",2019,"2019","04000US26","Michigan",4902,491.3206692171621,0.8950371106339008,"Grand Rapids, MI","16000US2634000","grand-rapids-mi",100113,9232,4913,-0.22389578668837776,97421,2.7632645938760634,4.7956797792930725
0,"Management, Business, Science, & Arts Occupations",1,"Computer, Engineering, & Science Occupations",2,"Computer & Mathematical Occupations",2019,"2019","04000US26","Michigan",2440,332.73713348527843,0.7634705461667511,"Grand Rapids, MI","16000US2634000","grand-rapids-mi",108714,10223,2106,15.859449192782527,109328,-0.5616127615981267,2.387078470313157
0,"Management, Business, Science, & Arts Occupations",1,"Computer, Engineering, & Science Occupations",3,"Architecture & Engineering Occupations",2019,"2019","04000US26","Michigan",1762,256.3123094976127,0.9058504009209439,"Grand Rapids, MI","16000US2634000","grand-rapids-mi",113793,13826,1682,4.756242568370987,105531,7.828979162520966,1.7237837150376163
0,"Management, Business, Science, & Arts Occupations",1,"Computer, Engineering, & Science Occupations",4,"Life, Physical, & Social Science Occupations",2019,"2019","04000US26","Michigan",789,173.9540169125163,0.8072205682530977,"Grand Rapids, MI","16000US2634000","grand-rapids-mi",99913,29506,676,16.715976331360945,101215,-1.2863705972434916,0.7718872594578202
0,"Management, Business, Science, & Arts Occupations",2,"Education, Legal, Community Service, Arts, & Media Occupations",5,"Community & Social Service Occupations",2019,"2019","04000US26","Michigan",2180,282.2268591045154,1.2192128848952144,"Grand Rapids, MI","16000US2634000","grand-rapids-mi",86692,5653,2482,-12.167606768734892,84846,2.1757065742639603,2.132717649706018
0,"Management, Business, Science, & Arts Occupations",2,"Education, Legal, Community Service, Arts, & Media Occupations",6,"Legal Occupations",2019,"2019","04000US26","Michigan",911,196.16319736382766,0.8035456421797831,"Grand Rapids, MI","16000US2634000","grand-rapids-mi",136821,54903,819,11.233211233211234,149346,-8.386565425254108,0.891241182973478
0,"Management, Business, Science, & Arts Occupations",2,"Education, Legal, Community Service, Arts, & Media Occupations",7,"Education Instruction, & Library Occupations",2019,"2019","04000US26","Michigan",5585,431.4904402185523,0.901667600522122,"Grand Rapids, MI","16000US2634000","grand-rapids-mi",70668,10972,5463,2.233205198608823,72802,-2.931238152798,5.463866088811059
0,"Management, Business, Science, & Arts Occupations",2,"Education, Legal, Community Service, Arts, & Media Occupations",8,"Arts, Design, Entertainment, Sports, & Media Occupations",2019,"2019","04000US26","Michigan",2861,326.2529693351465,1.3840904499003026,"Grand Rapids, MI","16000US2634000","grand-rapids-mi",69375,8984,2679,6.79357969391564,66986,3.5664168632251516,2.7989473375270255
0,"Management, Business, Science, & Arts Occupations",3,"Healthcare Practitioners & Technical Occupations",9,"Health Diagnosing & Treating Practitioners & Other Technical Occupations",2019,"2019","04000US26","Michigan",4769,452.42899995468906,1.1438129414279252,"Grand Rapids, MI","16000US2634000","grand-rapids-mi",125624,20122,4411,8.116073452731806,117353,7.0479663919967965,4.665564436444035
0,"Management, Business, Science, & Arts Occupations",3,"Healthcare Practitioners & Technical Occupations",10,"Health Technologists & Technicians",2019,"2019","04000US26","Michigan",1735,270.7120241141867,0.8716760882431563,"Grand Rapids, MI","16000US2634000","grand-rapids-mi",68712,7937,1827,-5.035577449370552,72723,-5.515449032630667,1.6973693221284132
1,"Service Occupations",4,"Service Occupations",11,"Healthcare Support Occupations",2019,"2019","04000US26","Michigan",3730,466.48579828329184,1.1170622197691862,"Grand Rapids, MI","16000US2634000","grand-rapids-mi",34749,8706,3635,2.613480055020633,30611,13.518016399333574,3.649099464863966
1,"Service Occupations",4,"Service Occupations",14,"Food Preparation & Serving Related Occupations",2019,"2019","04000US26","Michigan",7962,600.4881347703716,1.3590836935246267,"Grand Rapids, MI","16000US2634000","grand-rapids-mi",28109,4248,7766,2.523821787277878,27603,1.8331340796290259,7.78931097566941
1,"Service Occupations",4,"Service Occupations",15,"Building & Grounds Cleaning & Maintenance Occupations",2019,"2019","04000US26","Michigan",4323,443.7082374714267,1.1095756062581614,"Grand Rapids, MI","16000US2634000","grand-rapids-mi",31880,6276,4696,-7.942930153321977,30857,3.315293126357066,4.229237798017942
1,"Service Occupations",4,"Service Occupations",16,"Personal Care & Service Occupations",2019,"2019","04000US26","Michigan",2792,345.74267888127434,0.9713458727593369,"Grand Rapids, MI","16000US2634000","grand-rapids-mi",32860,8573,2316,20.552677029360964,30914,6.294882577472989,2.7314438889812847
1,"Service Occupations",5,"Protective Service Occupations",12,"Fire Fighting & Prevention, & Other Protective Service Workers Including Supervisors",2019,"2019","04000US26","Michigan",923,239.5203540411545,0.7696270835994856,"Grand Rapids, MI","16000US2634000","grand-rapids-mi",38780,15947,868,6.336405529953917,28119,37.91386606920587,0.902980913155346
1,"Service Occupations",5,"Protective Service Occupations",13,"Law Enforcement Workers Including Supervisors",2019,"2019","04000US26","Michigan",221,107.48023074035522,0.22559684424441015,"Grand Rapids, MI","16000US2634000","grand-rapids-mi",133352,36824,276,-19.92753623188406,132396,0.7220761956554579,0.21620669751606877
2,"Sales & Office Occupations",6,"Sales & Office Occupations",17,"Sales & Related Occupations",2019,"2019","04000US26","Michigan",9767,683.8106463049547,0.9353899889537431,"Grand Rapids, MI","16000US2634000","grand-rapids-mi",56747,10542,9673,0.9717771115476068,52333,8.43444862706132,9.555162057192053
2,"Sales & Office Occupations",6,"Sales & Office Occupations",18,"Office & Administrative Support Occupations",2019,"2019","04000US26","Michigan",11290,687.2153956366227,0.9676521830126052,"Grand Rapids, MI","16000US2634000","grand-rapids-mi",61486,4311,11157,1.1920767231334588,60397,1.8030696888918323,11.045129479440797
3,"Natural Resources, Construction, & Maintenance Occupations",7,"Natural Resources, Construction, & Maintenance Occupations",19,"Farming, Fishing, & Forestry Occupations",2019,"2019","04000US26","Michigan",1545,343.94476300708516,2.235129815581536,"Grand Rapids, MI","16000US2634000","grand-rapids-mi",31920,9068,1290,19.767441860465116,32072,-0.47393364928909953,1.5114902609155034
3,"Natural Resources, Construction, & Maintenance Occupations",7,"Natural Resources, Construction, & Maintenance Occupations",20,"Construction & Extraction Occupations",2019,"2019","04000US26","Michigan",3809,454.7933596700813,0.7311330903794547,"Grand Rapids, MI","16000US2634000","grand-rapids-mi",37608,9287,3537,7.690132880972575,40513,-7.170537852047492,3.726386021894597
3,"Natural Resources, Construction, & Maintenance Occupations",7,"Natural Resources, Construction, & Maintenance Occupations",21,"Installation, Maintenance, & Repair Occupations",2019,"2019","04000US26","Michigan",1897,301.4448539948891,0.6018358212294608,"Grand Rapids, MI","16000US2634000","grand-rapids-mi",58603,24045,1831,3.6045876570180226,42059,39.335219572505295,1.855855679583631
4,"Production, Transportation, & Material Moving Occupations",8,"Production, Transportation, & Material Moving Occupations",22,"Production Occupations",2019,"2019","04000US26","Michigan",10083,739.173186743134,1.7235869582619547,"Grand Rapids, MI","16000US2634000","grand-rapids-mi",57338,2443,10409,-3.1319050821404555,54395,5.410423752183105,9.864308285314575
4,"Production, Transportation, & Material Moving Occupations",8,"Production, Transportation, & Material Moving Occupations",23,"Transportation Occupations",2019,"2019","04000US26","Michigan",2558,355.59808773389096,0.6589928963278746,"Grand Rapids, MI","16000US2634000","grand-rapids-mi",59165,9783,2394,6.8504594820384295,58712,0.7715628832265976,2.502519150434859
0,"Management, Business, Science, & Arts Occupations",0,"Management, Business, & Financial Occupations",0,"Management Occupations",2018,"2018","04000US26","Michigan",7790,523.4357649224975,0.7811319112249171,"Grand Rapids, MI","16000US2634000","grand-rapids-mi",103492,6155,7304,6.6538882803943045,100207,3.2782140968195836,7.806158748609622
0,"Management, Business, Science, & Arts Occupations",0,"Management, Business, & Financial Occupations",1,"Business & Financial Operations Occupations",2018,"2018","04000US26","Michigan",4913,452.5980556741268,0.9261653380652219,"Grand Rapids, MI","16000US2634000","grand-rapids-mi",97421,8817,4519,8.718743084753264,89161,9.264140150962865,4.923191005381139
0,"Management, Business, Science, & Arts Occupations",1,"Computer, Engineering, & Science Occupations",2,"Computer & Mathematical Occupations",2018,"2018","04000US26","Michigan",2106,302.92738403782516,0.695613234307422,"Grand Rapids, MI","16000US2634000","grand-rapids-mi",109328,6772,1930,9.119170984455959,109501,-0.15798942475411185,2.1103684627178256
0,"Management, Business, Science, & Arts Occupations",1,"Computer, Engineering, & Science Occupations",3,"Architecture & Engineering Occupations",2018,"2018","04000US26","Michigan",1682,253.61782271756852,0.9122298469561402,"Grand Rapids, MI","16000US2634000","grand-rapids-mi",105531,16027,1674,0.4778972520908005,102904,2.552864806032807,1.6854889621516538
0,"Management, Business, Science, & Arts Occupations",1,"Computer, Engineering, & Science Occupations",4,"Life, Physical, & Social Science Occupations",2018,"2018","04000US26","Michigan",676,179.62739212046696,0.7305747709512698,"Grand Rapids, MI","16000US2634000","grand-rapids-mi",101215,41151,598,13.043478260869565,94554,7.04465173340102,0.6774022226007836
0,"Management, Business, Science, & Arts Occupations",2,"Education, Legal, Community Service, Arts, & Media Occupations",5,"Community & Social Service Occupations",2018,"2018","04000US26","Michigan",2482,336.0014880919428,1.4384397427469293,"Grand Rapids, MI","16000US2634000","grand-rapids-mi",84846,8278,2502,-0.7993605115907274,81768,3.7643087760493104,2.487148397182167
0,"Management, Business, Science, & Arts Occupations",2,"Education, Legal, Community Service, Arts, & Media Occupations",6,"Legal Occupations",2018,"2018","04000US26","Michigan",819,186.72439583514523,0.7438698244641596,"Grand Rapids, MI","16000US2634000","grand-rapids-mi",149346,51313,874,-6.292906178489703,145103,2.9241297561042847,0.8206988466124878
0,"Management, Business, Science, & Arts Occupations",2,"Education, Legal, Community Service, Arts, & Media Occupations",7,"Education Instruction, & Library Occupations",2018,"2018","04000US26","Michigan",5463,445.24599942054505,0.9083053152232676,"Grand Rapids, MI","16000US2634000","grand-rapids-mi",72802,12051,5647,-3.258367274659111,71170,2.2931010257130815,5.474331866964617
0,"Management, Business, Science, & Arts Occupations",2,"Education, Legal, Community Service, Arts, & Media Occupations",8,"Arts, Design, Entertainment, Sports, & Media Occupations",2018,"2018","04000US26","Michigan",2679,326.6221058042459,1.3407733625421818,"Grand Rapids, MI","16000US2634000","grand-rapids-mi",66986,7886,2469,8.50546780072904,63494,5.4997322581661265,2.684557033058431
0,"Management, Business, Science, & Arts Occupations",3,"Healthcare Practitioners & Technical Occupations",9,"Health Diagnosing & Treating Practitioners & Other Technical Occupations",2018,"2018","04000US26","Michigan",4411,419.990476082494,1.1003835163320645,"Grand Rapids, MI","16000US2634000","grand-rapids-mi",117353,17207,4187,5.349892524480535,110511,6.1912388811973464,4.420149709899492
0,"Management, Business, Science, & Arts Occupations",3,"Healthcare Practitioners & Technical Occupations",10,"Health Technologists & Technicians",2018,"2018","04000US26","Michigan",1827,308.72965520014435,0.9430424047243695,"Grand Rapids, MI","16000US2634000","grand-rapids-mi",72723,7288,1731,5.545927209705372,69375,4.825945945945946,1.8307897347509345
1,"Service Occupations",4,"Service Occupations",11,"Healthcare Support Occupations",2018,"2018","04000US26","Michigan",3635,424.0188675047373,1.1201080603524278,"Grand Rapids, MI","16000US2634000","grand-rapids-mi",30611,7590,2676,35.837070254110614,32484,-5.7659155276443785,3.642540057919894
1,"Service Occupations",4,"Service Occupations",14,"Food Preparation & Serving Related Occupations",2018,"2018","04000US26","Michigan",7766,574.2334020239505,1.349214511106933,"Grand Rapids, MI","16000US2634000","grand-rapids-mi",27603,3289,7866,-1.2712941774726672,23995,15.036465930402168,7.782108965558707
1,"Service Occupations",4,"Service Occupations",15,"Building & Grounds Cleaning & Maintenance Occupations",2018,"2018","04000US26","Michigan",4696,451.85174559804454,1.2145644056605005,"Grand Rapids, MI","16000US2634000","grand-rapids-mi",30857,5286,4373,7.3862337068374115,25114,22.867723182288763,4.705740883629113
1,"Service Occupations",4,"Service Occupations",16,"Personal Care & Service Occupations",2018,"2018","04000US26","Michigan",2316,309.00647242412253,0.822599299752513,"Grand Rapids, MI","16000US2634000","grand-rapids-mi",30914,9110,3320,-30.240963855421686,25609,20.71537350150338,2.320804064413336
1,"Service Occupations",5,"Protective Service Occupations",12,"Fire Fighting & Prevention, & Other Protective Service Workers Including Supervisors",2018,"2018","04000US26","Michigan",868,211.62466774929618,0.7420023775265684,"Grand Rapids, MI","16000US2634000","grand-rapids-mi",28119,18615,853,1.7584994138335288,29468,-4.577847156237275,0.8698004870081069
1,"Service Occupations",5,"Protective Service Occupations",13,"Law Enforcement Workers Including Supervisors",2018,"2018","04000US26","Michigan",276,112.61438629233834,0.2857285539107257,"Grand Rapids, MI","16000US2634000","grand-rapids-mi",132396,35685,257,7.392996108949417,129052,2.591203545857484,0.276572505085527
2,"Sales & Office Occupations",6,"Sales & Office Occupations",17,"Sales & Related Occupations",2018,"2018","04000US26","Michigan",9673,616.7592723259213,0.9314653303346767,"Grand Rapids, MI","16000US2634000","grand-rapids-mi",52333,9387,9299,4.021937842778794,49099,6.586692193323692,9.693064643812692
2,"Sales & Office Occupations",6,"Sales & Office Occupations",18,"Office & Administrative Support Occupations",2018,"2018","04000US26","Michigan",11157,690.6265271476327,0.9584345842152119,"Grand Rapids, MI","16000US2634000","grand-rapids-mi",60397,4374,12050,-7.410788381742739,54029,11.786262932869384,11.180142895794294
3,"Natural Resources, Construction, & Maintenance Occupations",7,"Natural Resources, Construction, & Maintenance Occupations",19,"Farming, Fishing, & Forestry Occupations",2018,"2018","04000US26","Michigan",1290,314.00636936215164,1.8478864640216495,"Grand Rapids, MI","16000US2634000","grand-rapids-mi",32072,9055,1389,-7.127429805615551,29943,7.110176001068696,1.2926758389867024
3,"Natural Resources, Construction, & Maintenance Occupations",7,"Natural Resources, Construction, & Maintenance Occupations",20,"Construction & Extraction Occupations",2018,"2018","04000US26","Michigan",3537,402.6474885057648,0.6975234976000021,"Grand Rapids, MI","16000US2634000","grand-rapids-mi",40513,8917,3472,1.8721198156682026,43672,-7.233467668071075,3.5443367771286565
3,"Natural Resources, Construction, & Maintenance Occupations",7,"Natural Resources, Construction, & Maintenance Occupations",21,"Installation, Maintenance, & Repair Occupations",2018,"2018","04000US26","Michigan",1831,321.8338080438412,0.593240681379947,"Grand Rapids, MI","16000US2634000","grand-rapids-mi",42059,17505,1893,-3.2752245113576337,42843,-1.8299372126134958,1.834798031926087
4,"Production, Transportation, & Material Moving Occupations",8,"Production, Transportation, & Material Moving Occupations",22,"Production Occupations",2018,"2018","04000US26","Michigan",10409,785.18914918636,1.7977398575583443,"Grand Rapids, MI","16000US2634000","grand-rapids-mi",54395,3471,9860,5.567951318458418,50548,7.610587956002216,10.430591324040764
4,"Production, Transportation, & Material Moving Occupations",8,"Production, Transportation, & Material Moving Occupations",23,"Transportation Occupations",2018,"2018","04000US26","Michigan",2394,335.9315406448165,0.642277040539744,"Grand Rapids, MI","16000US2634000","grand-rapids-mi",58712,21401,2308,3.726169844020797,45099,30.18470476063771,2.398965859328811
0,"Management, Business, Science, & Arts Occupations",0,"Management, Business, & Financial Occupations",0,"Management Occupations",2017,"2017","04000US26","Michigan",7304,575.1947496283325,0.7367296728056266,"Grand Rapids, MI","16000US2634000","grand-rapids-mi",100207,7474,6892,5.977945443993035,97794,2.467431539767266,7.540936215903694
0,"Management, Business, Science, & Arts Occupations",0,"Management, Business, & Financial Occupations",1,"Business & Financial Operations Occupations",2017,"2017","04000US26","Michigan",4519,429.9418565341132,0.9585233181047935,"Grand Rapids, MI","16000US2634000","grand-rapids-mi",89161,5603,4348,3.932842686292548,86955,2.536944396526939,4.665592929856078
0,"Management, Business, Science, & Arts Occupations",1,"Computer, Engineering, & Science Occupations",2,"Computer & Mathematical Occupations",2017,"2017","04000US26","Michigan",1930,270.14995835646545,0.6918724140097215,"Grand Rapids, MI","16000US2634000","grand-rapids-mi",109501,12102,1963,-1.6811003565970453,108419,0.9979800588457743,1.992607735034793
0,"Management, Business, Science, & Arts Occupations",1,"Computer, Engineering, & Science Occupations",3,"Architecture & Engineering Occupations",2017,"2017","04000US26","Michigan",1674,274.3519637254306,0.9400852684551771,"Grand Rapids, MI","16000US2634000","grand-rapids-mi",102904,10366,1539,8.771929824561402,96452,6.689337701654709,1.7283032893514219
0,"Management, Business, Science, & Arts Occupations",1,"Computer, Engineering, & Science Occupations",4,"Life, Physical, & Social Science Occupations",2017,"2017","04000US26","Michigan",598,157.29272074701996,0.7036285150128196,"Grand Rapids, MI","16000US2634000","grand-rapids-mi",94554,33665,590,1.3559322033898304,103164,-8.34593462835873,0.6173986660885007
0,"Management, Business, Science, & Arts Occupations",2,"Education, Legal, Community Service, Arts, & Media Occupations",5,"Community & Social Service Occupations",2017,"2017","04000US26","Michigan",2502,336.50111441123045,1.5124597334498626,"Grand Rapids, MI","16000US2634000","grand-rapids-mi",81768,10359,2412,3.731343283582089,80545,1.518405860078217,2.5831629808585768
0,"Management, Business, Science, & Arts Occupations",2,"Education, Legal, Community Service, Arts, & Media Occupations",6,"Legal Occupations",2017,"2017","04000US26","Michigan",874,213.84573879317773,0.7961795724253932,"Grand Rapids, MI","16000US2634000","grand-rapids-mi",145103,21888,801,9.113607990012484,133125,8.997558685446009,0.9023518965908855
0,"Management, Business, Science, & Arts Occupations",2,"Education, Legal, Community Service, Arts, & Media Occupations",7,"Education Instruction, & Library Occupations",2017,"2017","04000US26","Michigan",5647,486.16458118624803,0.9648690545392826,"Grand Rapids, MI","16000US2634000","grand-rapids-mi",71170,12099,5413,4.322926288564567,67745,5.055723669643516,5.830184393648434
0,"Management, Business, Science, & Arts Occupations",2,"Education, Legal, Community Service, Arts, & Media Occupations",8,"Arts, Design, Entertainment, Sports, & Media Occupations",2017,"2017","04000US26","Michigan",2469,296.23301639081353,1.2893569353153833,"Grand Rapids, MI","16000US2634000","grand-rapids-mi",63494,10186,2476,-0.28271405492730206,59691,6.371144728686066,2.5490924859072046
0,"Management, Business, Science, & Arts Occupations",3,"Healthcare Practitioners & Technical Occupations",9,"Health Diagnosing & Treating Practitioners & Other Technical Occupations",2017,"2017","04000US26","Michigan",4187,398.27879682453596,1.082479477518973,"Grand Rapids, MI","16000US2634000","grand-rapids-mi",110511,17204,3635,15.185694635488309,137054,-19.36681891809068,4.322823101860456
0,"Management, Business, Science, & Arts Occupations",3,"Healthcare Practitioners & Technical Occupations",10,"Health Technologists & Technicians",2017,"2017","04000US26","Michigan",1731,305.1311193569086,0.9448599774558796,"Grand Rapids, MI","16000US2634000","grand-rapids-mi",69375,8875,1580,9.556962025316455,66928,3.656167822137222,1.7871523260856097
1,"Service Occupations",4,"Service Occupations",11,"Healthcare Support Occupations",2017,"2017","04000US26","Michigan",2676,374.9586643884896,1.1560351970752214,"Grand Rapids, MI","16000US2634000","grand-rapids-mi",32484,11724,2562,4.449648711943794,34664,-6.2889453034848835,2.7628074087839933
1,"Service Occupations",4,"Service Occupations",14,"Food Preparation & Serving Related Occupations",2017,"2017","04000US26","Michigan",7866,687.1251705475503,1.4008676835633942,"Grand Rapids, MI","16000US2634000","grand-rapids-mi",23995,3220,7868,-0.02541942043721403,24991,-3.9854347565123445,8.121167069317972
1,"Service Occupations",4,"Service Occupations",15,"Building & Grounds Cleaning & Maintenance Occupations",2017,"2017","04000US26","Michigan",4373,440.4543109109048,1.1565500018142083,"Grand Rapids, MI","16000US2634000","grand-rapids-mi",25114,5198,4326,1.0864539990753583,27132,-7.4377119268760135,4.514856800677281
1,"Service Occupations",4,"Service Occupations",16,"Personal Care & Service Occupations",2017,"2017","04000US26","Michigan",3320,376.3243282064023,0.9203618392979543,"Grand Rapids, MI","16000US2634000","grand-rapids-mi",25609,4627,3466,-4.212348528563186,23244,10.174668731715713,3.427698279956225
1,"Service Occupations",5,"Protective Service Occupations",12,"Fire Fighting & Prevention, & Other Protective Service Workers Including Supervisors",2017,"2017","04000US26","Michigan",853,211.74040710265956,0.7434678349020482,"Grand Rapids, MI","16000US2634000","grand-rapids-mi",29468,21427,662,28.851963746223564,40586,-27.393682550633226,0.8806706725309217
1,"Service Occupations",5,"Protective Service Occupations",13,"Law Enforcement Workers Including Supervisors",2017,"2017","04000US26","Michigan",257,113.85077953180645,0.273206705770051,"Grand Rapids, MI","16000US2634000","grand-rapids-mi",129052,31477,412,-37.62135922330097,130625,-1.2042105263157894,0.26533688492432217
2,"Sales & Office Occupations",6,"Sales & Office Occupations",17,"Sales & Related Occupations",2017,"2017","04000US26","Michigan",9299,612.993474679788,0.9103264822992189,"Grand Rapids, MI","16000US2634000","grand-rapids-mi",49099,6917,8902,4.45967198382386,45640,7.578878177037686,9.60065250160028
2,"Sales & Office Occupations",6,"Sales & Office Occupations",18,"Office & Administrative Support Occupations",2017,"2017","04000US26","Michigan",12050,730.8748182828575,0.9579750089362705,"Grand Rapids, MI","16000US2634000","grand-rapids-mi",54029,4064,11937,0.9466365083354276,52015,3.871960011535134,12.440892853455573
3,"Natural Resources, Construction, & Maintenance Occupations",7,"Natural Resources, Construction, & Maintenance Occupations",19,"Farming, Fishing, & Forestry Occupations",2017,"2017","04000US26","Michigan",1389,317.29481558953967,2.028843474768735,"Grand Rapids, MI","16000US2634000","grand-rapids-mi",29943,4159,1380,0.6521739130434783,27658,8.261624123219322,1.4340581056804806
3,"Natural Resources, Construction, & Maintenance Occupations",7,"Natural Resources, Construction, & Maintenance Occupations",20,"Construction & Extraction Occupations",2017,"2017","04000US26","Michigan",3472,482.13379885670736,0.7116745337809474,"Grand Rapids, MI","16000US2634000","grand-rapids-mi",43672,15028,3168,9.595959595959595,45300,-3.5938189845474615,3.5846290445807263
3,"Natural Resources, Construction, & Maintenance Occupations",7,"Natural Resources, Construction, & Maintenance Occupations",21,"Installation, Maintenance, & Repair Occupations",2017,"2017","04000US26","Michigan",1893,254.44842306447882,0.6233669854624285,"Grand Rapids, MI","16000US2634000","grand-rapids-mi",42843,35439,2028,-6.656804733727811,67423,-36.456402117971614,1.9544074831196183
4,"Production, Transportation, & Material Moving Occupations",8,"Production, Transportation, & Material Moving Occupations",22,"Production Occupations",2017,"2017","04000US26","Michigan",9860,712.3271720213963,1.7337146421297387,"Grand Rapids, MI","16000US2634000","grand-rapids-mi",50548,3724,9939,-0.7948485763155247,49115,2.9176422681461873,10.179850915773606
4,"Production, Transportation, & Material Moving Occupations",8,"Production, Transportation, & Material Moving Occupations",23,"Transportation Occupations",2017,"2017","04000US26","Michigan",2308,326.79198276579547,0.6480987893854988,"Grand Rapids, MI","16000US2634000","grand-rapids-mi",45099,11463,2017,14.42736737729301,44355,1.6773757186337506,2.3828697681141464
0,"Management, Business, Science, & Arts Occupations",0,"Management, Business, & Financial Occupations",0,"Management Occupations",2016,"2016","04000US26","Michigan",6892,533.2504102201891,0.7327807929346638,"Grand Rapids, MI","16000US2634000","grand-rapids-mi",97794,10918,6564,4.996953077391835,96505,1.3356820890109322,7.353898355722959
0,"Management, Business, Science, & Arts Occupations",0,"Management, Business, & Financial Occupations",1,"Business & Financial Operations Occupations",2016,"2016","04000US26","Michigan",4348,464.81178986768396,0.9619751449601672,"Grand Rapids, MI","16000US2634000","grand-rapids-mi",86955,8576,4015,8.293897882938978,82552,5.333607907742998,4.639400761851919
0,"Management, Business, Science, & Arts Occupations",1,"Computer, Engineering, & Science Occupations",2,"Computer & Mathematical Occupations",2016,"2016","04000US26","Michigan",1963,289.86203614823376,0.750502535605129,"Grand Rapids, MI","16000US2634000","grand-rapids-mi",108419,10170,1769,10.966647823629168,115580,-6.195708600103824,2.094559267597819
0,"Management, Business, Science, & Arts Occupations",1,"Computer, Engineering, & Science Occupations",3,"Architecture & Engineering Occupations",2016,"2016","04000US26","Michigan",1539,256.25963396524236,0.8976078072982249,"Grand Rapids, MI","16000US2634000","grand-rapids-mi",96452,16554,1433,7.397069085833915,95469,1.0296536048350773,1.6421430019526457
0,"Management, Business, Science, & Arts Occupations",1,"Computer, Engineering, & Science Occupations",4,"Life, Physical, & Social Science Occupations",2016,"2016","04000US26","Michigan",590,148.66068747318505,0.7190643357728694,"Grand Rapids, MI","16000US2634000","grand-rapids-mi",103164,44241,577,2.2530329289428077,88797,16.179600662184534,0.6295415017232365
0,"Management, Business, Science, & Arts Occupations",2,"Education, Legal, Community Service, Arts, & Media Occupations",5,"Community & Social Service Occupations",2016,"2016","04000US26","Michigan",2412,298.52973051272465,1.523815588974177,"Grand Rapids, MI","16000US2634000","grand-rapids-mi",80545,10934,2456,-1.7915309446254073,73026,10.296332812970723,2.5736510206041467
0,"Management, Business, Science, & Arts Occupations",2,"Education, Legal, Community Service, Arts, & Media Occupations",6,"Legal Occupations",2016,"2016","04000US26","Michigan",801,172.9045979724079,0.7474238410067546,"Grand Rapids, MI","16000US2634000","grand-rapids-mi",133125,36328,829,-3.3775633293124248,102895,29.37946450264833,0.854682615051377
0,"Management, Business, Science, & Arts Occupations",2,"Education, Legal, Community Service, Arts, & Media Occupations",7,"Education Instruction, & Library Occupations",2016,"2016","04000US26","Michigan",5413,430.1162633521313,0.9541365595293361,"Grand Rapids, MI","16000US2634000","grand-rapids-mi",67745,12751,5301,2.112808903980381,70729,-4.218920103493617,5.7757765234370835
0,"Management, Business, Science, & Arts Occupations",2,"Education, Legal, Community Service, Arts, & Media Occupations",8,"Arts, Design, Entertainment, Sports, & Media Occupations",2016,"2016","04000US26","Michigan",2476,290.13445159098217,1.3516694318566433,"Grand Rapids, MI","16000US2634000","grand-rapids-mi",59691,11740,2431,1.851090086384204,52075,14.625060009601537,2.641940268248701
0,"Management, Business, Science, & Arts Occupations",3,"Healthcare Practitioners & Technical Occupations",9,"Health Diagnosing & Treating Practitioners & Other Technical Occupations",2016,"2016","04000US26","Michigan",3635,345.5835644240044,0.9818779109683639,"Grand Rapids, MI","16000US2634000","grand-rapids-mi",137054,43343,3195,13.77151799687011,112485,21.84202338089523,3.8786158623118046
0,"Management, Business, Science, & Arts Occupations",3,"Healthcare Practitioners & Technical Occupations",10,"Health Technologists & Technicians",2016,"2016","04000US26","Michigan",1580,299.20060160367325,0.9118206737097398,"Grand Rapids, MI","16000US2634000","grand-rapids-mi",66928,11479,1400,12.857142857142856,67913,-1.450385051462901,1.6858908012249385
1,"Service Occupations",4,"Service Occupations",11,"Healthcare Support Occupations",2016,"2016","04000US26","Michigan",2562,375.09598771514476,1.1192445878823947,"Grand Rapids, MI","16000US2634000","grand-rapids-mi",34664,12681,2498,2.5620496397117694,35785,-3.1325974570350703,2.733703944771071
1,"Service Occupations",4,"Service Occupations",14,"Food Preparation & Serving Related Occupations",2016,"2016","04000US26","Michigan",7868,696.3117118072912,1.4461613067219201,"Grand Rapids, MI","16000US2634000","grand-rapids-mi",24991,3198,7315,7.559808612440191,24061,3.865176010972113,8.395309382302415
1,"Service Occupations",4,"Service Occupations",15,"Building & Grounds Cleaning & Maintenance Occupations",2016,"2016","04000US26","Michigan",4326,485.4791447631916,1.16958714192688,"Grand Rapids, MI","16000US2634000","grand-rapids-mi",27132,4238,4382,-1.2779552715654952,25476,6.500235515779557,4.615926332974103
1,"Service Occupations",4,"Service Occupations",16,"Personal Care & Service Occupations",2016,"2016","04000US26","Michigan",3466,346.51695485214,0.9958921014993853,"Grand Rapids, MI","16000US2634000","grand-rapids-mi",23244,4223,3264,6.188725490196079,22470,3.4445927903871825,3.6982895677504026
1,"Service Occupations",5,"Protective Service Occupations",12,"Fire Fighting & Prevention, & Other Protective Service Workers Including Supervisors",2016,"2016","04000US26","Michigan",662,151.42654985173505,0.5881456300590477,"Grand Rapids, MI","16000US2634000","grand-rapids-mi",40586,14481,684,-3.216374269005848,46719,-13.127421391724994,0.7063669053233602
1,"Service Occupations",5,"Protective Service Occupations",13,"Law Enforcement Workers Including Supervisors",2016,"2016","04000US26","Michigan",412,138.2208377922808,0.45063053776533385,"Grand Rapids, MI","16000US2634000","grand-rapids-mi",130625,58812,445,-7.415730337078652,136420,-4.247910863509749,0.43961203171181934
2,"Sales & Office Occupations",6,"Sales & Office Occupations",17,"Sales & Related Occupations",2016,"2016","04000US26","Michigan",8902,645.5981722402876,0.8889705752029327,"Grand Rapids, MI","16000US2634000","grand-rapids-mi",45640,5398,8657,2.8300797042855494,44082,3.534322399165192,9.498607539559748
2,"Sales & Office Occupations",6,"Sales & Office Occupations",18,"Office & Administrative Support Occupations",2016,"2016","04000US26","Michigan",11937,732.5039249041605,0.9682599873303975,"Grand Rapids, MI","16000US2634000","grand-rapids-mi",52015,3996,11467,4.098718060521497,50915,2.1604635176274183,12.737011705203855
3,"Natural Resources, Construction, & Maintenance Occupations",7,"Natural Resources, Construction, & Maintenance Occupations",19,"Farming, Fishing, & Forestry Occupations",2016,"2016","04000US26","Michigan",1380,345.72243201736273,2.061402355703424,"Grand Rapids, MI","16000US2634000","grand-rapids-mi",27658,4596,1227,12.469437652811736,27373,1.041171957768604,1.4724869023357057
3,"Natural Resources, Construction, & Maintenance Occupations",7,"Natural Resources, Construction, & Maintenance Occupations",20,"Construction & Extraction Occupations",2016,"2016","04000US26","Michigan",3168,354.39102697444247,0.6756718755086245,"Grand Rapids, MI","16000US2634000","grand-rapids-mi",45300,8744,2992,5.88235294117647,45262,0.08395563607441121,3.3803177584054462
3,"Natural Resources, Construction, & Maintenance Occupations",7,"Natural Resources, Construction, & Maintenance Occupations",21,"Installation, Maintenance, & Repair Occupations",2016,"2016","04000US26","Michigan",2028,265.73106705840775,0.6799505836586073,"Grand Rapids, MI","16000US2634000","grand-rapids-mi",67423,46873,1996,1.6032064128256511,68656,-1.795910044278723,2.1639155347368195
4,"Production, Transportation, & Material Moving Occupations",8,"Production, Transportation, & Material Moving Occupations",22,"Production Occupations",2016,"2016","04000US26","Michigan",9939,683.6585405010312,1.7895744139715584,"Grand Rapids, MI","16000US2634000","grand-rapids-mi",49115,4124,10093,-1.5258099673040721,50272,-2.301479949077021,10.605106755300419
4,"Production, Transportation, & Material Moving Occupations",8,"Production, Transportation, & Material Moving Occupations",23,"Transportation Occupations",2016,"2016","04000US26","Michigan",2017,276.79956647364895,0.5906406639582985,"Grand Rapids, MI","16000US2634000","grand-rapids-mi",44355,6768,2043,-1.2726382770435634,48952,-9.390831835267202,2.152178320297912
0,"Management, Business, Science, & Arts Occupations",0,"Management, Business, & Financial Occupations",0,"Management Occupations",2015,"2015","04000US26","Michigan",6564,536.0541017472024,0.7342614093031384,"Grand Rapids, MI","16000US2634000","grand-rapids-mi",96505,11038,6312,3.9923954372623576,91213,5.801804567331411,7.255203209797398
0,"Management, Business, Science, & Arts Occupations",0,"Management, Business, & Financial Occupations",1,"Business & Financial Operations Occupations",2015,"2015","04000US26","Michigan",4015,431.07423954581185,0.9245899830636986,"Grand Rapids, MI","16000US2634000","grand-rapids-mi",82552,7649,3793,5.85288689691537,82828,-0.3332206500217318,4.437788069368763
0,"Management, Business, Science, & Arts Occupations",1,"Computer, Engineering, & Science Occupations",2,"Computer & Mathematical Occupations",2015,"2015","04000US26","Michigan",1769,245.45875417267155,0.7213270647189853,"Grand Rapids, MI","16000US2634000","grand-rapids-mi",115580,23159,1809,-2.211166390270868,105052,10.021703537295815,1.9552794756446674
0,"Management, Business, Science, & Arts Occupations",1,"Computer, Engineering, & Science Occupations",3,"Architecture & Engineering Occupations",2015,"2015","04000US26","Michigan",1433,256.56383221334994,0.867577789426181,"Grand Rapids, MI","16000US2634000","grand-rapids-mi",95469,7670,1413,1.4154281670205235,97555,-2.138280969709395,1.583897958506958
0,"Management, Business, Science, & Arts Occupations",1,"Computer, Engineering, & Science Occupations",4,"Life, Physical, & Social Science Occupations",2015,"2015","04000US26","Michigan",577,158.90248582070703,0.7263821954209893,"Grand Rapids, MI","16000US2634000","grand-rapids-mi",88797,28882,492,17.276422764227643,86263,2.9375282566105976,0.6377593315132691
0,"Management, Business, Science, & Arts Occupations",2,"Education, Legal, Community Service, Arts, & Media Occupations",5,"Community & Social Service Occupations",2015,"2015","04000US26","Michigan",2456,330.34073318317866,1.6178515782133545,"Grand Rapids, MI","16000US2634000","grand-rapids-mi",73026,12163,2295,7.015250544662309,71036,2.801396475026747,2.7146220419351628
0,"Management, Business, Science, & Arts Occupations",2,"Education, Legal, Community Service, Arts, & Media Occupations",6,"Legal Occupations",2015,"2015","04000US26","Michigan",829,180.42172818150257,0.7948133102569471,"Grand Rapids, MI","16000US2634000","grand-rapids-mi",102895,45166,849,-2.3557126030624262,112914,-8.873124678959208,0.9162954693665513
0,"Management, Business, Science, & Arts Occupations",2,"Education, Legal, Community Service, Arts, & Media Occupations",7,"Education Instruction, & Library Occupations",2015,"2015","04000US26","Michigan",5301,436.4309796519949,0.9640135052000779,"Grand Rapids, MI","16000US2634000","grand-rapids-mi",70729,13964,5420,-2.1955719557195574,68633,3.053924496962103,5.859206614127972
0,"Management, Business, Science, & Arts Occupations",2,"Education, Legal, Community Service, Arts, & Media Occupations",8,"Arts, Design, Entertainment, Sports, & Media Occupations",2015,"2015","04000US26","Michigan",2431,294.88472323943813,1.3936321194197911,"Grand Rapids, MI","16000US2634000","grand-rapids-mi",52075,14594,2616,-7.071865443425077,46367,12.310479435805638,2.6869894885767023
0,"Management, Business, Science, & Arts Occupations",3,"Healthcare Practitioners & Technical Occupations",9,"Health Diagnosing & Treating Practitioners & Other Technical Occupations",2015,"2015","04000US26","Michigan",3195,293.4706118165838,0.9023233454679149,"Grand Rapids, MI","16000US2634000","grand-rapids-mi",112485,45594,2883,10.822060353798127,109509,2.7175848560392297,3.5314403192112565
0,"Management, Business, Science, & Arts Occupations",3,"Healthcare Practitioners & Technical Occupations",10,"Health Technologists & Technicians",2015,"2015","04000US26","Michigan",1400,245.34873140083684,0.8520429323808681,"Grand Rapids, MI","16000US2634000","grand-rapids-mi",67913,10115,1256,11.464968152866243,67818,0.1400808045061783,1.54742298807379
1,"Service Occupations",4,"Service Occupations",11,"Healthcare Support Occupations",2015,"2015","04000US26","Michigan",2498,271.6799587750263,1.1115356346880612,"Grand Rapids, MI","16000US2634000","grand-rapids-mi",35785,11286,2417,3.3512618949110466,34939,2.4213629468502247,2.761044731577377
1,"Service Occupations",4,"Service Occupations",14,"Food Preparation & Serving Related Occupations",2015,"2015","04000US26","Michigan",7315,602.6939521846889,1.3958996561409276,"Grand Rapids, MI","16000US2634000","grand-rapids-mi",24061,2896,6770,8.050221565731167,22268,8.051913059098258,8.085285112685552
1,"Service Occupations",4,"Service Occupations",15,"Building & Grounds Cleaning & Maintenance Occupations",2015,"2015","04000US26","Michigan",4382,442.4319156661282,1.2175835279388434,"Grand Rapids, MI","16000US2634000","grand-rapids-mi",25476,3713,4104,6.773879142300195,27021,-5.717775063839236,4.843433952670963
1,"Service Occupations",4,"Service Occupations",16,"Personal Care & Service Occupations",2015,"2015","04000US26","Michigan",3264,389.5600082143956,0.9793083969812408,"Grand Rapids, MI","16000US2634000","grand-rapids-mi",22470,4045,3183,2.5447690857681433,22325,0.6494960806270996,3.6077061664806074
1,"Service Occupations",5,"Protective Service Occupations",12,"Fire Fighting & Prevention, & Other Protective Service Workers Including Supervisors",2015,"2015","04000US26","Michigan",684,171.70323235163627,0.6182614073579676,"Grand Rapids, MI","16000US2634000","grand-rapids-mi",46719,23957,737,-7.191316146540028,31353,49.00966414697158,0.7560266598874803
1,"Service Occupations",5,"Protective Service Occupations",13,"Law Enforcement Workers Including Supervisors",2015,"2015","04000US26","Michigan",445,183.89671013914307,0.4994302736109928,"Grand Rapids, MI","16000US2634000","grand-rapids-mi",136420,12813,314,41.71974522292994,103787,31.442280825151514,0.49185944978059754
2,"Sales & Office Occupations",6,"Sales & Office Occupations",17,"Sales & Related Occupations",2015,"2015","04000US26","Michigan",8657,588.0017006778127,0.8881805576735357,"Grand Rapids, MI","16000US2634000","grand-rapids-mi",44082,3679,8189,5.714983514470632,43782,0.6852131012744964,9.568600576967714
2,"Sales & Office Occupations",6,"Sales & Office Occupations",18,"Office & Administrative Support Occupations",2015,"2015","04000US26","Michigan",11467,744.9483203551773,0.9523582050403389,"Grand Rapids, MI","16000US2634000","grand-rapids-mi",50915,4002,11615,-1.2742143779595352,53164,-4.2303062222556616,12.674499574458679
3,"Natural Resources, Construction, & Maintenance Occupations",7,"Natural Resources, Construction, & Maintenance Occupations",19,"Farming, Fishing, & Forestry Occupations",2015,"2015","04000US26","Michigan",1227,296.24989451474914,1.8626598333481938,"Grand Rapids, MI","16000US2634000","grand-rapids-mi",27373,3157,1018,20.530451866404714,28105,-2.6045187689023304,1.356205718833243
3,"Natural Resources, Construction, & Maintenance Occupations",7,"Natural Resources, Construction, & Maintenance Occupations",20,"Construction & Extraction Occupations",2015,"2015","04000US26","Michigan",2992,358.06284364619574,0.6617625900187276,"Grand Rapids, MI","16000US2634000","grand-rapids-mi",45262,10638,2778,7.703383729301656,63352,-28.55474176032327,3.3070639859405566
3,"Natural Resources, Construction, & Maintenance Occupations",7,"Natural Resources, Construction, & Maintenance Occupations",21,"Installation, Maintenance, & Repair Occupations",2015,"2015","04000US26","Michigan",1996,288.09199919470166,0.6850374023088807,"Grand Rapids, MI","16000US2634000","grand-rapids-mi",68656,17351,1975,1.0632911392405064,68776,-0.17447946958241248,2.206183060139489
4,"Production, Transportation, & Material Moving Occupations",8,"Production, Transportation, & Material Moving Occupations",22,"Production Occupations",2015,"2015","04000US26","Michigan",10093,708.3141958199059,1.8700981896357436,"Grand Rapids, MI","16000US2634000","grand-rapids-mi",50272,3452,9211,9.575507545326241,50513,-0.47710490368815944,11.155814441877688
4,"Production, Transportation, & Material Moving Occupations",8,"Production, Transportation, & Material Moving Occupations",23,"Transportation Occupations",2015,"2015","04000US26","Michigan",2043,307.3044093403152,0.6270949894733978,"Grand Rapids, MI","16000US2634000","grand-rapids-mi",48952,10741,1997,2.303455182774161,53683,-8.81284577985582,2.2581322604533947
0,"Management, Business, Science, & Arts Occupations",0,"Management, Business, & Financial Occupations",0,"Management Occupations",2014,"2014","04000US26","Michigan",6312,527.5319895513446,0.745571293370722,"Grand Rapids, MI","16000US2634000","grand-rapids-mi",91213,9915,6456,-2.2304832713754648,92908,-1.8243854135273605,7.275493620111345
0,"Management, Business, Science, & Arts Occupations",0,"Management, Business, & Financial Occupations",1,"Business & Financial Operations Occupations",2014,"2014","04000US26","Michigan",3793,425.8650020839937,0.9150639867015455,"Grand Rapids, MI","16000US2634000","grand-rapids-mi",82828,9646,3499,8.40240068591026,83332,-0.6048096769548312,4.3719815115783165
0,"Management, Business, Science, & Arts Occupations",1,"Computer, Engineering, & Science Occupations",2,"Computer & Mathematical Occupations",2014,"2014","04000US26","Michigan",1809,297.20026917888214,0.7913448153721238,"Grand Rapids, MI","16000US2634000","grand-rapids-mi",105052,16517,1736,4.205069124423963,105502,-0.42653219844173573,2.085134340744839
0,"Management, Business, Science, & Arts Occupations",1,"Computer, Engineering, & Science Occupations",3,"Architecture & Engineering Occupations",2014,"2014","04000US26","Michigan",1413,240.7592158153037,0.8916049329748904,"Grand Rapids, MI","16000US2634000","grand-rapids-mi",97555,9909,1124,25.71174377224199,105224,-7.288261233178743,1.6286870223728342
0,"Management, Business, Science, & Arts Occupations",1,"Computer, Engineering, & Science Occupations",4,"Life, Physical, & Social Science Occupations",2014,"2014","04000US26","Michigan",492,141.35416513141735,0.6450971125830858,"Grand Rapids, MI","16000US2634000","grand-rapids-mi",86263,27468,596,-17.449664429530202,77659,11.079205243436048,0.5671012137349147
0,"Management, Business, Science, & Arts Occupations",2,"Education, Legal, Community Service, Arts, & Media Occupations",5,"Community & Social Service Occupations",2014,"2014","04000US26","Michigan",2295,343.4020966738555,1.581439311343031,"Grand Rapids, MI","16000US2634000","grand-rapids-mi",71036,11207,2204,4.128856624319419,71250,-0.3003508771929825,2.645319686019572
0,"Management, Business, Science, & Arts Occupations",2,"Education, Legal, Community Service, Arts, & Media Occupations",6,"Legal Occupations",2014,"2014","04000US26","Michigan",849,199.1105220725414,0.8409343246746915,"Grand Rapids, MI","16000US2634000","grand-rapids-mi",112914,35662,792,7.196969696969697,112019,0.7989716030316285,0.978595387115737
0,"Management, Business, Science, & Arts Occupations",2,"Education, Legal, Community Service, Arts, & Media Occupations",7,"Education Instruction, & Library Occupations",2014,"2014","04000US26","Michigan",5420,431.04524124504604,1.0197480341980367,"Grand Rapids, MI","16000US2634000","grand-rapids-mi",68633,15756,5271,2.826788085752229,65120,5.394656019656019,6.2473345090309715
0,"Management, Business, Science, & Arts Occupations",2,"Education, Legal, Community Service, Arts, & Media Occupations",8,"Arts, Design, Entertainment, Sports, & Media Occupations",2014,"2014","04000US26","Michigan",2616,322.4686031228467,1.5773403302465943,"Grand Rapids, MI","16000US2634000","grand-rapids-mi",46367,12927,2435,7.433264887063655,54249,-14.529300079264134,3.015318648639303
0,"Management, Business, Science, & Arts Occupations",3,"Healthcare Practitioners & Technical Occupations",9,"Health Diagnosing & Treating Practitioners & Other Technical Occupations",2014,"2014","04000US26","Michigan",2883,338.11980125393427,0.8560890913311674,"Grand Rapids, MI","16000US2634000","grand-rapids-mi",109509,50573,2657,8.505833646970268,120109,-8.825317003721619,3.323074795117397
0,"Management, Business, Science, & Arts Occupations",3,"Healthcare Practitioners & Technical Occupations",10,"Health Technologists & Technicians",2014,"2014","04000US26","Michigan",1256,237.18558134928858,0.8115319692293366,"Grand Rapids, MI","16000US2634000","grand-rapids-mi",67818,8555,1193,5.2808046940486175,66480,2.012635379061372,1.4477217976647418
1,"Service Occupations",4,"Service Occupations",11,"Healthcare Support Occupations",2014,"2014","04000US26","Michigan",2417,321.31137546000457,1.1099298974349436,"Grand Rapids, MI","16000US2634000","grand-rapids-mi",34939,5680,2466,-1.9870235198702353,39363,-11.23898076874222,2.785942344709937
1,"Service Occupations",4,"Service Occupations",14,"Food Preparation & Serving Related Occupations",2014,"2014","04000US26","Michigan",6770,533.1660154210882,1.3543919681379675,"Grand Rapids, MI","16000US2634000","grand-rapids-mi",22268,2258,6337,6.832886223765189,21625,2.9734104046242775,7.803404912571896
1,"Service Occupations",4,"Service Occupations",15,"Building & Grounds Cleaning & Maintenance Occupations",2014,"2014","04000US26","Michigan",4104,461.0694090915162,1.1804971828267532,"Grand Rapids, MI","16000US2634000","grand-rapids-mi",27021,3692,3682,11.461162411732754,27447,-1.5520821947753853,4.730454026764411
1,"Service Occupations",4,"Service Occupations",16,"Personal Care & Service Occupations",2014,"2014","04000US26","Michigan",3183,419.00477324250136,1.004018914300835,"Grand Rapids, MI","16000US2634000","grand-rapids-mi",22325,3580,3153,0.9514747859181731,23698,-5.79373786817453,3.6688682181264913
1,"Service Occupations",5,"Protective Service Occupations",12,"Fire Fighting & Prevention, & Other Protective Service Workers Including Supervisors",2014,"2014","04000US26","Michigan",737,176.30938715791623,0.6886992353971731,"Grand Rapids, MI","16000US2634000","grand-rapids-mi",31353,25796,726,1.5151515151515151,40288,-22.177819698173153,0.8494991758590085
1,"Service Occupations",5,"Protective Service Occupations",13,"Law Enforcement Workers Including Supervisors",2014,"2014","04000US26","Michigan",314,129.1200991325518,0.3628647940690638,"Grand Rapids, MI","16000US2634000","grand-rapids-mi",103787,43744,320,-1.875,81605,27.182157956007597,0.36193044941618546
2,"Sales & Office Occupations",6,"Sales & Office Occupations",17,"Sales & Related Occupations",2014,"2014","04000US26","Michigan",8189,671.3449188010586,0.8689968287104479,"Grand Rapids, MI","16000US2634000","grand-rapids-mi",43782,6836,8526,-3.9526155289702087,48044,-8.871034884689035,9.439007803404913
2,"Sales & Office Occupations",6,"Sales & Office Occupations",18,"Office & Administrative Support Occupations",2014,"2014","04000US26","Michigan",11615,727.6462052398817,0.9921368696085013,"Grand Rapids, MI","16000US2634000","grand-rapids-mi",53164,4315,11396,1.921726921726922,51896,2.4433482349314013,13.38796869416877
3,"Natural Resources, Construction, & Maintenance Occupations",7,"Natural Resources, Construction, & Maintenance Occupations",19,"Farming, Fishing, & Forestry Occupations",2014,"2014","04000US26","Michigan",1018,271.154937259125,1.601804894354386,"Grand Rapids, MI","16000US2634000","grand-rapids-mi",28105,5176,1323,-23.053665910808768,27969,0.48625263684793885,1.1733923487441935
3,"Natural Resources, Construction, & Maintenance Occupations",7,"Natural Resources, Construction, & Maintenance Occupations",20,"Construction & Extraction Occupations",2014,"2014","04000US26","Michigan",2778,329.56031314465037,0.6406235021433266,"Grand Rapids, MI","16000US2634000","grand-rapids-mi",63352,39471,2717,2.2451232977548767,42849,47.8494247240309,3.202047097064214
3,"Natural Resources, Construction, & Maintenance Occupations",7,"Natural Resources, Construction, & Maintenance Occupations",21,"Installation, Maintenance, & Repair Occupations",2014,"2014","04000US26","Michigan",1975,330.9924470437354,0.7013262431270026,"Grand Rapids, MI","16000US2634000","grand-rapids-mi",68776,58206,2039,-3.138793526238352,86146,-20.163443456457642,2.2764733681432046
4,"Production, Transportation, & Material Moving Occupations",8,"Production, Transportation, & Material Moving Occupations",22,"Production Occupations",2014,"2014","04000US26","Michigan",9211,682.3737978556915,1.7828723210374304,"Grand Rapids, MI","16000US2634000","grand-rapids-mi",50513,3942,8770,5.028506271379704,52323,-3.4592817690117155,10.61701073112256
4,"Production, Transportation, & Material Moving Occupations",8,"Production, Transportation, & Material Moving Occupations",23,"Transportation Occupations",2014,"2014","04000US26","Michigan",1997,286.6810073932349,0.6456094034265802,"Grand Rapids, MI","16000US2634000","grand-rapids-mi",53683,16606,2002,-0.24975024975024976,53982,-0.5538883331480864,2.301831552497205
0,"Management, Business, Science, & Arts Occupations",0,"Management, Business, & Financial Occupations",0,"Management Occupations",2013,"2013","04000US26","Michigan",6456,547.768199149969,0.7808450809628207,"Grand Rapids, MI","16000US2634000","grand-rapids-mi",92908,9676,,NaN,,NaN,7.577909501731322
0,"Management, Business, Science, & Arts Occupations",0,"Management, Business, & Financial Occupations",1,"Business & Financial Operations Occupations",2013,"2013","04000US26","Michigan",3499,388.94986823496936,0.8644474613433882,"Grand Rapids, MI","16000US2634000","grand-rapids-mi",83332,9958,,NaN,,NaN,4.10704853571219
0,"Management, Business, Science, & Arts Occupations",1,"Computer, Engineering, & Science Occupations",2,"Computer & Mathematical Occupations",2013,"2013","04000US26","Michigan",1736,269.3566409056959,0.792170579096957,"Grand Rapids, MI","16000US2634000","grand-rapids-mi",105502,22139,,NaN,,NaN,2.0376782675039613
0,"Management, Business, Science, & Arts Occupations",1,"Computer, Engineering, & Science Occupations",3,"Architecture & Engineering Occupations",2013,"2013","04000US26","Michigan",1124,211.2486686348579,0.7181491195846508,"Grand Rapids, MI","16000US2634000","grand-rapids-mi",105224,30317,,NaN,,NaN,1.3193262515405833
0,"Management, Business, Science, & Arts Occupations",1,"Computer, Engineering, & Science Occupations",4,"Life, Physical, & Social Science Occupations",2013,"2013","04000US26","Michigan",596,155.8621185535472,0.7975507926457416,"Grand Rapids, MI","16000US2634000","grand-rapids-mi",77659,26837,,NaN,,NaN,0.6995715711015904
0,"Management, Business, Science, & Arts Occupations",2,"Education, Legal, Community Service, Arts, & Media Occupations",5,"Community & Social Service Occupations",2013,"2013","04000US26","Michigan",2204,314.79675983084707,1.5550493393599545,"Grand Rapids, MI","16000US2634000","grand-rapids-mi",71250,9418,,NaN,,NaN,2.5870062797112507
0,"Management, Business, Science, & Arts Occupations",2,"Education, Legal, Community Service, Arts, & Media Occupations",6,"Legal Occupations",2013,"2013","04000US26","Michigan",792,168.66831356244717,0.7920372550577464,"Grand Rapids, MI","16000US2634000","grand-rapids-mi",112019,46120,,NaN,,NaN,0.9296320206584894
0,"Management, Business, Science, & Arts Occupations",2,"Education, Legal, Community Service, Arts, & Media Occupations",7,"Education Instruction, & Library Occupations",2013,"2013","04000US26","Michigan",5271,466.0783195987558,1.0071224206245044,"Grand Rapids, MI","16000US2634000","grand-rapids-mi",65120,17728,,NaN,,NaN,6.186982804155174
0,"Management, Business, Science, & Arts Occupations",2,"Education, Legal, Community Service, Arts, & Media Occupations",8,"Arts, Design, Entertainment, Sports, & Media Occupations",2013,"2013","04000US26","Michigan",2435,337.80615743351984,1.5115427475832677,"Grand Rapids, MI","16000US2634000","grand-rapids-mi",54249,17685,,NaN,,NaN,2.85814895240331
0,"Management, Business, Science, & Arts Occupations",3,"Healthcare Practitioners & Technical Occupations",9,"Health Diagnosing & Treating Practitioners & Other Technical Occupations",2013,"2013","04000US26","Michigan",2657,324.8538132760642,0.8136223708256056,"Grand Rapids, MI","16000US2634000","grand-rapids-mi",120109,45571,,NaN,,NaN,3.1187276248606137
0,"Management, Business, Science, & Arts Occupations",3,"Healthcare Practitioners & Technical Occupations",10,"Health Technologists & Technicians",2013,"2013","04000US26","Michigan",1193,223.65151463828724,0.8032454642490819,"Grand Rapids, MI","16000US2634000","grand-rapids-mi",66480,9481,,NaN,,NaN,1.4003169200070427
1,"Service Occupations",4,"Service Occupations",11,"Healthcare Support Occupations",2013,"2013","04000US26","Michigan",2466,344.3835071544513,1.1475287235933707,"Grand Rapids, MI","16000US2634000","grand-rapids-mi",39363,13087,,NaN,,NaN,2.894536064323024
1,"Service Occupations",4,"Service Occupations",14,"Food Preparation & Serving Related Occupations",2013,"2013","04000US26","Michigan",6337,584.9752131500958,1.3068431178427695,"Grand Rapids, MI","16000US2634000","grand-rapids-mi",21625,2293,,NaN,,NaN,7.438229943071777
1,"Service Occupations",4,"Service Occupations",15,"Building & Grounds Cleaning & Maintenance Occupations",2013,"2013","04000US26","Michigan",3682,386.38064133701107,1.08051061988551,"Grand Rapids, MI","16000US2634000","grand-rapids-mi",27447,2420,,NaN,,NaN,4.321849873818886
1,"Service Occupations",4,"Service Occupations",16,"Personal Care & Service Occupations",2013,"2013","04000US26","Michigan",3153,374.07619544686344,1.0220970462339143,"Grand Rapids, MI","16000US2634000","grand-rapids-mi",23698,4664,,NaN,,NaN,3.7009214155760315
1,"Service Occupations",5,"Protective Service Occupations",12,"Fire Fighting & Prevention, & Other Protective Service Workers Including Supervisors",2013,"2013","04000US26","Michigan",726,198.8793604173143,0.6900161824498157,"Grand Rapids, MI","16000US2634000","grand-rapids-mi",40288,26919,,NaN,,NaN,0.8521626856036153
1,"Service Occupations",5,"Protective Service Occupations",13,"Law Enforcement Workers Including Supervisors",2013,"2013","04000US26","Michigan",320,139.51702405083043,0.37290694127515545,"Grand Rapids, MI","16000US2634000","grand-rapids-mi",81605,32639,,NaN,,NaN,0.3756088972357533
2,"Sales & Office Occupations",6,"Sales & Office Occupations",17,"Sales & Related Occupations",2013,"2013","04000US26","Michigan",8526,629.7840899864016,0.914606397610223,"Grand Rapids, MI","16000US2634000","grand-rapids-mi",48044,8136,,NaN,,NaN,10.007629555725101
2,"Sales & Office Occupations",6,"Sales & Office Occupations",18,"Office & Administrative Support Occupations",2013,"2013","04000US26","Michigan",11396,669.5080283312516,0.9764171203572857,"Grand Rapids, MI","16000US2634000","grand-rapids-mi",51896,5278,,NaN,,NaN,13.376371852808264
3,"Natural Resources, Construction, & Maintenance Occupations",7,"Natural Resources, Construction, & Maintenance Occupations",19,"Farming, Fishing, & Forestry Occupations",2013,"2013","04000US26","Michigan",1323,324.59975354272837,2.1370345149876115,"Grand Rapids, MI","16000US2634000","grand-rapids-mi",27969,4497,,NaN,,NaN,1.5529080345090673
3,"Natural Resources, Construction, & Maintenance Occupations",7,"Natural Resources, Construction, & Maintenance Occupations",20,"Construction & Extraction Occupations",2013,"2013","04000US26","Michigan",2717,386.1217424595512,0.6312283952845997,"Grand Rapids, MI","16000US2634000","grand-rapids-mi",42849,11110,,NaN,,NaN,3.1891542930923173
3,"Natural Resources, Construction, & Maintenance Occupations",7,"Natural Resources, Construction, & Maintenance Occupations",21,"Installation, Maintenance, & Repair Occupations",2013,"2013","04000US26","Michigan",2039,295.1016773927251,0.7278219574964322,"Grand Rapids, MI","16000US2634000","grand-rapids-mi",86146,54915,,NaN,,NaN,2.3933329420740654
4,"Production, Transportation, & Material Moving Occupations",8,"Production, Transportation, & Material Moving Occupations",22,"Production Occupations",2013,"2013","04000US26","Michigan",8770,607.4018439221271,1.7301223972676336,"Grand Rapids, MI","16000US2634000","grand-rapids-mi",52323,5975,,NaN,,NaN,10.294031339867363
4,"Production, Transportation, & Material Moving Occupations",8,"Production, Transportation, & Material Moving Occupations",23,"Transportation Occupations",2013,"2013","04000US26","Michigan",2002,356.6623052692841,0.6617000047346011,"Grand Rapids, MI","16000US2634000","grand-rapids-mi",53982,6780,,NaN,,NaN,2.3499031633311813